year,sc_gid,sc_point_gid,latitude,longitude,region,class,bin,trans_cap_cost,built_capacity,investment_bool
2010,13547,,32.675846,-114.493805,p28,7,,5455.411999999999,3.5,1
2010,14200,,32.070159999999994,-110.836845,p30,6,,4896.062,2.0999999999999943,1
2010,8360,,39.039272,-108.41655,p33,5,,2132.0273,0.9,1
2010,9438,,36.1821,-120.31208,p9,6,,12634.098999999998,0.2541543937708564,0
2010,9834,,35.4988,-120.69145,p9,6,,14603.573,9.657866963292548,1
2010,9792,,35.546326,-120.708725,p9,6,,21117.752,5.987978642936596,1
2012,11858,,34.14852,-116.35859,p10,7,,18401.17,8.397179739507958,0
2012,11856,,34.079227,-116.472916,p10,7,,20456.236,2.583747612156295,0
2012,11857,,34.089787,-116.40877,p10,7,,117431.664,49.81907264833575,1
2012,13042,,32.770965999999994,-117.02311,p11,6,,323.3736,0.9683925773195876,1
2012,13160,,32.674343,-116.99478,p11,6,,5668.8203,2.3316074226804133,1
2012,7237,,39.645092,-110.76543,p25,5,,843.6955,1.2999999999999998,1
2012,10947,,35.201405,-114.08028,p27,6,,3519.6436,1.5,1
2012,13547,,32.675846,-114.493805,p28,7,,5455.411999999999,19.19999999999999,1
2012,14200,,32.070159999999994,-110.836845,p30,6,,4896.062,13.0,1
2012,14807,,31.813198,-106.60987,p31,7,,5110.652,17.100000000000044,1
2012,8360,,39.039272,-108.41655,p33,5,,2132.0273,1.0368000000000002,1
2012,8068,,39.61901,-104.728065,p33,5,,4096.9688,5.063199999999995,1
2012,8605,,38.92872,-104.77772,p34,5,,3559.823,1.0,1
2012,765,,44.253525,-121.25785,p5,4,,9217.217,4.299999999999997,1
2012,803,,44.745987,-117.87875,p7,3,,11777.316,2.692731753554502,0
2012,772,,44.79343,-117.89646,p7,3,,11844.818,3.3659146919431278,1
2012,916,,44.22686,-116.97883600000002,p7,3,,102972.23,0.34135355450236204,1
2012,9438,,36.1821,-120.31208,p9,6,,12634.098999999998,0.2541543937708564,0
2012,9834,,35.4988,-120.69145,p9,6,,14603.573,9.657866963292548,0
2012,9792,,35.546326,-120.708725,p9,6,,21117.752,33.1879786429366,1
2014,11835,,33.965022999999995,-117.44759,p10,6,,2607.9307,10.59921713369329,1
2014,10148,,35.315983,-118.96942,p10,6,,2981.9246,10.346854820986309,1
2014,11719,,34.050117,-117.54101,p10,6,,3417.8198,22.20788351821452,1
2014,11721,,34.06122,-117.47704,p10,6,,3648.1838,0.7570869381209493,1
2014,11951,,33.84662,-117.5458,p10,6,,4142.2236,13.122840260763123,1
2014,13461,,32.744026,-114.70852,p10,6,,4473.7935,9.085043257451392,1
2014,10085,,35.42331,-118.93656,p10,6,,5035.5347,0.2523623127069831,1
2014,11730,,34.094326,-117.285034,p10,6,,5761.979,6.813782443088544,1
2014,11604,,34.098194,-117.55581,p10,6,,5860.029,7.570869381209493,1
2014,10922,,34.371902,-118.860855,p10,6,,6504.3164,0.2523623127069831,1
2014,11728,,34.035217,-117.334404,p10,6,,7758.694,54.33377454413542,1
2014,11858,,34.14852,-116.35859,p10,7,,18401.17,8.397179739507958,0
2014,11856,,34.079227,-116.472916,p10,7,,20456.236,2.583747612156295,0
2014,11857,,34.089787,-116.40877,p10,7,,117431.664,78.14399572525883,1
2014,13042,,32.770965999999994,-117.02311,p11,6,,323.3736,0.9683925773195876,0
2014,13160,,32.674343,-116.99478,p11,6,,5668.8203,6.831607422680413,1
2014,9745,,36.79183,-114.15926,p13,5,,30567.682,3.3,1
2014,7237,,39.645092,-110.76543,p25,5,,843.6955,1.2999999999999998,0
2014,10947,,35.201405,-114.08028,p27,6,,3519.6436,1.5,0
2014,13547,,32.675846,-114.493805,p28,7,,5455.411999999999,20.599999999999966,1
2014,14200,,32.070159999999994,-110.836845,p30,6,,4896.062,17.0,1
2014,14807,,31.813198,-106.60987,p31,7,,5110.652,29.600000000000044,1
2014,8360,,39.039272,-108.41655,p33,5,,2132.0273,1.0368000000000002,0
2014,8068,,39.61901,-104.728065,p33,5,,4096.9688,10.763199999999983,1
2014,8605,,38.92872,-104.77772,p34,5,,3559.823,1.0,0
2014,765,,44.253525,-121.25785,p5,4,,9217.217,5.5,1
2014,1527,,42.182365,-122.62987,p6,4,,645.1009,0.5184000000000001,1
2014,1712,,42.188034,-121.784225,p6,4,,2851.4126,1.4816000000000003,1
2014,803,,44.745987,-117.87875,p7,3,,11777.316,2.692731753554502,0
2014,772,,44.79343,-117.89646,p7,3,,11844.818,3.3659146919431278,0
2014,916,,44.22686,-116.97883600000002,p7,3,,102972.23,0.34135355450236204,0
2014,9438,,36.1821,-120.31208,p9,6,,12634.098999999998,0.2541543937708564,0
2014,9834,,35.4988,-120.69145,p9,6,,14603.573,9.657866963292548,0
2014,9792,,35.546326,-120.708725,p9,6,,21117.752,81.0879786429366,1
2016,11835,,33.965022999999995,-117.44759,p10,6,,2607.9307,10.59921713369329,0
2016,10148,,35.315983,-118.96942,p10,6,,2981.9246,10.346854820986309,0
2016,11719,,34.050117,-117.54101,p10,6,,3417.8198,22.20788351821452,0
2016,11721,,34.06122,-117.47704,p10,6,,3648.1838,0.7570869381209493,0
2016,11951,,33.84662,-117.5458,p10,6,,4142.2236,13.122840260763123,0
2016,13461,,32.744026,-114.70852,p10,6,,4473.7935,9.085043257451392,0
2016,10085,,35.42331,-118.93656,p10,6,,5035.5347,0.2523623127069831,0
2016,11730,,34.094326,-117.285034,p10,6,,5761.979,6.813782443088544,0
2016,11604,,34.098194,-117.55581,p10,6,,5860.029,7.570869381209493,0
2016,10922,,34.371902,-118.860855,p10,6,,6504.3164,0.2523623127069831,0
2016,11728,,34.035217,-117.334404,p10,6,,7758.694,130.4713156695103,1
2016,11215,,34.286587,-118.4939,p10,6,,7860.028,35.07836146627065,1
2016,11060,,34.287859999999995,-118.76543999999998,p10,6,,8083.753000000001,2.5236231270698317,1
2016,11718,,33.990902,-117.59013,p10,6,,8347.527,7.407474281284664,1
2016,11858,,34.14852,-116.35859,p10,7,,18401.17,8.397179739507958,0
2016,11856,,34.079227,-116.472916,p10,7,,20456.236,2.583747612156295,0
2016,11857,,34.089787,-116.40877,p10,7,,117431.664,78.14399572525883,0
2016,13042,,32.770965999999994,-117.02311,p11,6,,323.3736,0.9683925773195876,0
2016,13160,,32.674343,-116.99478,p11,6,,5668.8203,14.831607422680413,1
2016,9745,,36.79183,-114.15926,p13,5,,30567.682,6.356985081081081,1
2016,9747,,36.80115,-114.092224,p13,5,,40542.805,3.343014918918925,1
2016,7237,,39.645092,-110.76543,p25,5,,843.6955,4.867444255975326,1
2016,8538,,38.579754,-109.60382,p25,5,,5673.4917,3.6505831919814944,1
2016,7236,,39.637493,-110.83582,p25,5,,5945.368,0.9734888511950652,1
2016,8539,,38.586735,-109.53441,p25,5,,7574.844,35.908483700848116,1
2016,10947,,35.201405,-114.08028,p27,6,,3519.6436,2.7840800834202293,1
2016,10946,,35.08698,-114.52548,p27,6,,7436.1284,3.11591991657977,1
2016,13547,,32.675846,-114.493805,p28,7,,5455.411999999999,21.599999999999966,1
2016,14200,,32.070159999999994,-110.836845,p30,6,,4896.062,19.659999999999997,1
2016,14807,,31.813198,-106.60987,p31,7,,5110.652,33.40000000000005,1
2016,8360,,39.039272,-108.41655,p33,5,,2132.0273,1.0368000000000002,0
2016,8068,,39.61901,-104.728065,p33,5,,4096.9688,25.863199999999978,1
2016,8605,,38.92872,-104.77772,p34,5,,3559.823,3.0,1
2016,765,,44.253525,-121.25785,p5,4,,9217.217,9.2,1
2016,1527,,42.182365,-122.62987,p6,4,,645.1009,0.5184000000000001,0
2016,1712,,42.188034,-121.784225,p6,4,,2851.4126,1.4816000000000003,0
2016,803,,44.745987,-117.87875,p7,3,,11777.316,2.692731753554502,0
2016,772,,44.79343,-117.89646,p7,3,,11844.818,3.3659146919431278,0
2016,916,,44.22686,-116.97883600000002,p7,3,,102972.23,4.841353554502362,1
2016,9438,,36.1821,-120.31208,p9,6,,12634.098999999998,0.2541543937708564,0
2016,9834,,35.4988,-120.69145,p9,6,,14603.573,9.657866963292548,0
2016,9792,,35.546326,-120.708725,p9,6,,21117.752,97.84944160177976,1
2016,9595,,36.004414000000004,-120.17831,p9,6,,23141.48,1.1985370411568468,1
2018,11835,,33.965022999999995,-117.44759,p10,6,,2607.9307,10.59921713369329,0
2018,10148,,35.315983,-118.96942,p10,6,,2981.9246,10.346854820986309,0
2018,11719,,34.050117,-117.54101,p10,6,,3417.8198,22.20788351821452,0
2018,11721,,34.06122,-117.47704,p10,6,,3648.1838,0.7570869381209493,0
2018,11951,,33.84662,-117.5458,p10,6,,4142.2236,13.122840260763123,0
2018,13461,,32.744026,-114.70852,p10,6,,4473.7935,9.085043257451392,0
2018,10085,,35.42331,-118.93656,p10,6,,5035.5347,0.2523623127069831,0
2018,11730,,34.094326,-117.285034,p10,6,,5761.979,6.813782443088544,0
2018,11604,,34.098194,-117.55581,p10,6,,5860.029,7.570869381209493,0
2018,10922,,34.371902,-118.860855,p10,6,,6504.3164,0.2523623127069831,0
2018,11728,,34.035217,-117.334404,p10,6,,7758.694,130.4713156695103,0
2018,11215,,34.286587,-118.4939,p10,6,,7860.028,35.07836146627065,0
2018,11060,,34.287859999999995,-118.76543999999998,p10,6,,8083.753000000001,2.5236231270698317,0
2018,11718,,33.990902,-117.59013,p10,6,,8347.527,63.10747428128467,1
2018,11858,,34.14852,-116.35859,p10,7,,18401.17,8.397179739507958,0
2018,11856,,34.079227,-116.472916,p10,7,,20456.236,2.583747612156295,0
2018,11857,,34.089787,-116.40877,p10,7,,117431.664,78.14399572525883,0
2018,13042,,32.770965999999994,-117.02311,p11,6,,323.3736,0.9683925773195876,0
2018,13160,,32.674343,-116.99478,p11,6,,5668.8203,18.399458969072164,1
2018,13261,,32.61513,-117.04343,p11,6,,7617.384,6.632148453608249,1
2018,9745,,36.79183,-114.15926,p13,5,,30567.682,6.356985081081081,0
2018,9747,,36.80115,-114.092224,p13,5,,40542.805,6.443014918918948,1
2018,754,,45.779340000000005,-111.125336,p18,2,,4266.7085,1.8375384615384602,1
2018,591,,46.573597,-112.062546,p18,3,,9820.824,9.241323832923833,1
2018,779,,45.68057,-110.62238,p18,3,,10772.159,1.9119980343980345,1
2018,750,,45.763767,-111.28072,p18,3,,12531.99,0.318666339066339,1
2018,567,,46.621693,-112.07601,p18,3,,22295.428,0.6904733320733243,1
2018,845,,45.723392,-108.48793,p20,3,,3943.4148,1.8144,1
2018,816,,45.78447,-108.34219,p20,3,,8454.815,1.1856,1
2018,7237,,39.645092,-110.76543,p25,5,,843.6955,4.867444255975326,0
2018,8538,,38.579754,-109.60382,p25,5,,5673.4917,3.6505831919814944,0
2018,7236,,39.637493,-110.83582,p25,5,,5945.368,0.9734888511950652,0
2018,8539,,38.586735,-109.53441,p25,5,,7574.844,39.20848370084811,1
2018,10947,,35.201405,-114.08028,p27,6,,3519.6436,2.7840800834202293,0
2018,10946,,35.08698,-114.52548,p27,6,,7436.1284,7.5159199165797705,1
2018,13547,,32.675846,-114.493805,p28,7,,5455.411999999999,31.099999999999966,1
2018,14200,,32.070159999999994,-110.836845,p30,6,,4896.062,20.960000000000008,1
2018,14282,,32.305054,-107.77826,p31,6,,437.23062,6.40769230769231,1
2018,14807,,31.813198,-106.60987,p31,7,,5110.652,34.89230769230774,1
2018,8360,,39.039272,-108.41655,p33,5,,2132.0273,1.0368000000000002,0
2018,8068,,39.61901,-104.728065,p33,5,,4096.9688,58.26319999999998,1
2018,8605,,38.92872,-104.77772,p34,5,,3559.823,12.52777193136824,1
2018,9614,,38.0721,-102.570206,p34,5,,5029.1655,2.8722280686317596,1
2018,765,,44.253525,-121.25785,p5,4,,9217.217,31.2,1
2018,14814,,31.879026,-106.42706,p59,7,,5988.484,5.0,1
2018,1527,,42.182365,-122.62987,p6,4,,645.1009,0.5184000000000001,0
2018,1712,,42.188034,-121.784225,p6,4,,2851.4126,4.381599999999999,1
2018,803,,44.745987,-117.87875,p7,3,,11777.316,2.692731753554502,0
2018,772,,44.79343,-117.89646,p7,3,,11844.818,3.3659146919431278,0
2018,916,,44.22686,-116.97883600000002,p7,3,,102972.23,4.841353554502362,0
2018,4022,,40.394806,-120.52324,p8,5,,53046.69,2.3999999999999986,1
2018,9438,,36.1821,-120.31208,p9,6,,12634.098999999998,0.2541543937708564,0
2018,9834,,35.4988,-120.69145,p9,6,,14603.573,9.657866963292548,0
2018,9792,,35.546326,-120.708725,p9,6,,21117.752,97.84944160177976,0
2018,9595,,36.004414000000004,-120.17831,p9,6,,23141.48,20.586505895439377,1
2018,9596,,35.956863,-120.16129,p9,6,,23286.225,0.2541543937708564,1
2018,9793,,35.606506,-120.66117,p9,6,,24231.508,32.357876751946606,1
2020,314,,47.053204,-120.51775,p1,3,,12552.883999999998,0.5,1
2020,11835,,33.965022999999995,-117.44759,p10,6,,2607.9307,10.59921713369329,0
2020,10148,,35.315983,-118.96942,p10,6,,2981.9246,10.346854820986309,0
2020,11719,,34.050117,-117.54101,p10,6,,3417.8198,22.20788351821452,0
2020,11721,,34.06122,-117.47704,p10,6,,3648.1838,0.7570869381209493,0
2020,11951,,33.84662,-117.5458,p10,6,,4142.2236,13.122840260763123,0
2020,13461,,32.744026,-114.70852,p10,6,,4473.7935,9.085043257451392,0
2020,10085,,35.42331,-118.93656,p10,6,,5035.5347,0.2523623127069831,0
2020,11730,,34.094326,-117.285034,p10,6,,5761.979,6.813782443088544,0
2020,11604,,34.098194,-117.55581,p10,6,,5860.029,7.570869381209493,0
2020,10922,,34.371902,-118.860855,p10,6,,6504.3164,0.2523623127069831,0
2020,11728,,34.035217,-117.334404,p10,6,,7758.694,130.4713156695103,0
2020,11215,,34.286587,-118.4939,p10,6,,7860.028,35.07836146627065,0
2020,11060,,34.287859999999995,-118.76543999999998,p10,6,,8083.753000000001,2.5236231270698317,0
2020,11718,,33.990902,-117.59013,p10,6,,8347.527,76.97050537562986,1
2020,11714,,34.038982,-117.60496,p10,6,,8356.905999999999,13.03696890565481,1
2020,11858,,34.14852,-116.35859,p10,7,,18401.17,8.397179739507958,0
2020,11856,,34.079227,-116.472916,p10,7,,20456.236,2.583747612156295,0
2020,11857,,34.089787,-116.40877,p10,7,,117431.664,78.14399572525883,0
2020,13042,,32.770965999999994,-117.02311,p11,6,,323.3736,0.9683925773195876,0
2020,13160,,32.674343,-116.99478,p11,6,,5668.8203,18.399458969072164,0
2020,13261,,32.61513,-117.04343,p11,6,,7617.384,6.632148453608249,0
2020,9745,,36.79183,-114.15926,p13,5,,30567.682,6.356985081081081,0
2020,9747,,36.80115,-114.092224,p13,5,,40542.805,6.443014918918948,0
2020,754,,45.779340000000005,-111.125336,p18,2,,4266.7085,1.8375384615384602,0
2020,591,,46.573597,-112.062546,p18,3,,9820.824,9.241323832923833,0
2020,779,,45.68057,-110.62238,p18,3,,10772.159,1.9119980343980345,0
2020,750,,45.763767,-111.28072,p18,3,,12531.99,0.318666339066339,0
2020,567,,46.621693,-112.07601,p18,3,,22295.428,0.6904733320733243,0
2020,845,,45.723392,-108.48793,p20,3,,3943.4148,1.8144,0
2020,816,,45.78447,-108.34219,p20,3,,8454.815,1.1856,0
2020,7237,,39.645092,-110.76543,p25,5,,843.6955,4.867444255975326,0
2020,8538,,38.579754,-109.60382,p25,5,,5673.4917,3.6505831919814944,0
2020,7236,,39.637493,-110.83582,p25,5,,5945.368,0.9734888511950652,0
2020,8539,,38.586735,-109.53441,p25,5,,7574.844,39.20848370084811,0
2020,10947,,35.201405,-114.08028,p27,6,,3519.6436,2.7840800834202293,0
2020,10946,,35.08698,-114.52548,p27,6,,7436.1284,7.5159199165797705,0
2020,13547,,32.675846,-114.493805,p28,7,,5455.411999999999,32.89999999999998,1
2020,14200,,32.070159999999994,-110.836845,p30,6,,4896.062,23.360000000000014,1
2020,14282,,32.305054,-107.77826,p31,6,,437.23062,17.02606788526435,1
2020,12102,,35.099277,-106.57132,p31,6,,1104.8547,6.18162442242796,1
2020,14807,,31.813198,-106.60987,p31,7,,5110.652,34.89230769230774,0
2020,8360,,39.039272,-108.41655,p33,5,,2132.0273,1.0368000000000002,0
2020,8068,,39.61901,-104.728065,p33,5,,4096.9688,88.56319999999998,1
2020,8605,,38.92872,-104.77772,p34,5,,3559.823,12.52777193136824,0
2020,9614,,38.0721,-102.570206,p34,5,,5029.1655,10.31698864936208,1
2020,8608,,38.880035,-104.7712,p34,5,,5328.7188,2.555239419269679,1
2020,531,,45.591522,-121.11373,p5,3,,1131.2489,4.157179331306992,1
2020,769,,44.279114,-121.10976,p5,3,,3019.8196,10.133124620060793,1
2020,715,,44.621094,-121.17671,p5,3,,6510.3413,13.510832826747723,1
2020,503,,45.68119,-121.47882,p5,3,,7857.986999999999,10.076093991115293,1
2020,765,,44.253525,-121.25785,p5,4,,9217.217,37.8432,1
2020,861,,43.979927,-121.378334,p5,4,,9485.41,3.888,1
2020,800,,44.219315,-121.16369,p5,4,,15843.927,4.147199999999999,1
2020,798,,44.206512,-121.23766,p5,4,,17313.236,0.2591999999999999,1
2020,797,,44.146667,-121.2914,p5,4,,23590.7,11.285169230769274,1
2020,14814,,31.879026,-106.42706,p59,7,,5988.484,5.0,0
2020,1527,,42.182365,-122.62987,p6,4,,645.1009,0.5184000000000001,0
2020,1712,,42.188034,-121.784225,p6,4,,2851.4126,4.381599999999999,0
2020,803,,44.745987,-117.87875,p7,3,,11777.316,2.692731753554502,0
2020,772,,44.79343,-117.89646,p7,3,,11844.818,3.3659146919431278,0
2020,916,,44.22686,-116.97883600000002,p7,3,,102972.23,16.64135355450236,1
2020,4022,,40.394806,-120.52324,p8,5,,53046.69,2.3999999999999986,0
2020,9438,,36.1821,-120.31208,p9,6,,12634.098999999998,0.2541543937708564,0
2020,9834,,35.4988,-120.69145,p9,6,,14603.573,9.657866963292548,0
2020,9792,,35.546326,-120.708725,p9,6,,21117.752,97.84944160177976,0
2020,9595,,36.004414000000004,-120.17831,p9,6,,23141.48,20.586505895439377,0
2020,9596,,35.956863,-120.16129,p9,6,,23286.225,0.2541543937708564,0
2020,9793,,35.606506,-120.66117,p9,6,,24231.508,63.75787675194661,1
2022,314,,47.053204,-120.51775,p1,3,,12552.883999999998,0.5,0
2022,11835,,33.965022999999995,-117.44759,p10,6,,2607.9307,10.59921713369329,0
2022,10148,,35.315983,-118.96942,p10,6,,2981.9246,10.346854820986309,0
2022,11719,,34.050117,-117.54101,p10,6,,3417.8198,22.20788351821452,0
2022,11721,,34.06122,-117.47704,p10,6,,3648.1838,0.7570869381209493,0
2022,11951,,33.84662,-117.5458,p10,6,,4142.2236,13.122840260763123,0
2022,13461,,32.744026,-114.70852,p10,6,,4473.7935,9.085043257451392,0
2022,10085,,35.42331,-118.93656,p10,6,,5035.5347,0.2523623127069831,0
2022,11730,,34.094326,-117.285034,p10,6,,5761.979,6.813782443088544,0
2022,11604,,34.098194,-117.55581,p10,6,,5860.029,7.570869381209493,0
2022,10922,,34.371902,-118.860855,p10,6,,6504.3164,0.2523623127069831,0
2022,11728,,34.035217,-117.334404,p10,6,,7758.694,130.4713156695103,0
2022,11215,,34.286587,-118.4939,p10,6,,7860.028,35.07836146627065,0
2022,11060,,34.287859999999995,-118.76543999999998,p10,6,,8083.753000000001,2.5236231270698317,0
2022,11718,,33.990902,-117.59013,p10,6,,8347.527,76.97050537562986,0
2022,11714,,34.038982,-117.60496,p10,6,,8356.905999999999,13.627564886177089,1
2022,10087,,35.37554,-118.92053,p10,6,,8377.487,14.509404019477714,1
2022,11858,,34.14852,-116.35859,p10,7,,18401.17,8.397179739507958,0
2022,11856,,34.079227,-116.472916,p10,7,,20456.236,2.583747612156295,0
2022,11857,,34.089787,-116.40877,p10,7,,117431.664,78.14399572525883,0
2022,13042,,32.770965999999994,-117.02311,p11,6,,323.3736,0.9683925773195876,0
2022,13160,,32.674343,-116.99478,p11,6,,5668.8203,18.399458969072164,0
2022,13261,,32.61513,-117.04343,p11,6,,7617.384,6.7787480412371135,0
2022,13158,,32.73353,-116.94606,p11,6,,8101.735,5.953400412371136,1
2022,9745,,36.79183,-114.15926,p13,5,,30567.682,6.356985081081081,0
2022,9747,,36.80115,-114.092224,p13,5,,40542.805,6.443014918918948,0
2022,754,,45.779340000000005,-111.125336,p18,2,,4266.7085,1.8375384615384602,0
2022,591,,46.573597,-112.062546,p18,3,,9820.824,9.241323832923833,0
2022,779,,45.68057,-110.62238,p18,3,,10772.159,1.9119980343980345,0
2022,750,,45.763767,-111.28072,p18,3,,12531.99,0.318666339066339,0
2022,567,,46.621693,-112.07601,p18,3,,22295.428,0.6904733320733243,0
2022,845,,45.723392,-108.48793,p20,3,,3943.4148,1.8144,0
2022,816,,45.78447,-108.34219,p20,3,,8454.815,1.1856,0
2022,7237,,39.645092,-110.76543,p25,5,,843.6955,4.867444255975326,0
2022,8538,,38.579754,-109.60382,p25,5,,5673.4917,3.6505831919814944,0
2022,7236,,39.637493,-110.83582,p25,5,,5945.368,0.9734888511950652,0
2022,8539,,38.586735,-109.53441,p25,5,,7574.844,39.308483700848114,1
2022,10947,,35.201405,-114.08028,p27,6,,3519.6436,2.7840800834202293,0
2022,10946,,35.08698,-114.52548,p27,6,,7436.1284,7.5159199165797705,0
2022,13547,,32.675846,-114.493805,p28,7,,5455.411999999999,32.89999999999998,0
2022,14200,,32.070159999999994,-110.836845,p30,6,,4896.062,23.360000000000014,0
2022,14282,,32.305054,-107.77826,p31,6,,437.23062,17.02606788526435,0
2022,12102,,35.099277,-106.57132,p31,6,,1104.8547,6.18162442242796,0
2022,14807,,31.813198,-106.60987,p31,7,,5110.652,34.89230769230774,0
2022,8360,,39.039272,-108.41655,p33,5,,2132.0273,1.0368000000000002,0
2022,8068,,39.61901,-104.728065,p33,5,,4096.9688,119.86319999999996,1
2022,8605,,38.92872,-104.77772,p34,5,,3559.823,12.52777193136824,0
2022,9614,,38.0721,-102.570206,p34,5,,5029.1655,10.31698864936208,0
2022,8608,,38.880035,-104.7712,p34,5,,5328.7188,6.155239419269678,1
2022,531,,45.591522,-121.11373,p5,3,,1131.2489,4.157179331306992,0
2022,769,,44.279114,-121.10976,p5,3,,3019.8196,10.133124620060793,0
2022,715,,44.621094,-121.17671,p5,3,,6510.3413,13.510832826747723,0
2022,503,,45.68119,-121.47882,p5,3,,7857.986999999999,11.432243161094227,1
2022,768,,44.326145,-121.12987,p5,3,,7900.9854,0.779471124620061,1
2022,551,,45.827877,-119.34431,p5,3,,8023.5605,22.56437970540101,1
2022,765,,44.253525,-121.25785,p5,4,,9217.217,37.8432,0
2022,861,,43.979927,-121.378334,p5,4,,9485.41,3.888,0
2022,800,,44.219315,-121.16369,p5,4,,15843.927,4.147199999999999,0
2022,798,,44.206512,-121.23766,p5,4,,17313.236,0.2591999999999999,0
2022,797,,44.146667,-121.2914,p5,4,,23590.7,11.285169230769274,0
2022,14814,,31.879026,-106.42706,p59,7,,5988.484,5.0,0
2022,1527,,42.182365,-122.62987,p6,4,,645.1009,0.5184000000000001,0
2022,1712,,42.188034,-121.784225,p6,4,,2851.4126,4.381599999999999,0
2022,803,,44.745987,-117.87875,p7,3,,11777.316,2.692731753554502,0
2022,772,,44.79343,-117.89646,p7,3,,11844.818,3.3659146919431278,0
2022,916,,44.22686,-116.97883600000002,p7,3,,102972.23,16.64135355450236,0
2022,4022,,40.394806,-120.52324,p8,5,,53046.69,2.3999999999999986,0
2022,9438,,36.1821,-120.31208,p9,6,,12634.098999999998,0.2541543937708564,0
2022,9834,,35.4988,-120.69145,p9,6,,14603.573,9.657866963292548,0
2022,9792,,35.546326,-120.708725,p9,6,,21117.752,97.84944160177976,0
2022,9595,,36.004414000000004,-120.17831,p9,6,,23141.48,20.586505895439377,0
2022,9596,,35.956863,-120.16129,p9,6,,23286.225,0.2541543937708564,0
2022,9793,,35.606506,-120.66117,p9,6,,24231.508,83.35787675194663,1
2024,314,,47.053204,-120.51775,p1,3,,12552.883999999998,0.5,0
2024,11835,,33.965022999999995,-117.44759,p10,6,,2607.9307,10.59921713369329,0
2024,10148,,35.315983,-118.96942,p10,6,,2981.9246,10.346854820986309,0
2024,11719,,34.050117,-117.54101,p10,6,,3417.8198,22.20788351821452,0
2024,11721,,34.06122,-117.47704,p10,6,,3648.1838,0.7570869381209493,0
2024,11951,,33.84662,-117.5458,p10,6,,4142.2236,13.122840260763123,0
2024,13461,,32.744026,-114.70852,p10,6,,4473.7935,9.085043257451392,0
2024,10085,,35.42331,-118.93656,p10,6,,5035.5347,0.2523623127069831,0
2024,11730,,34.094326,-117.285034,p10,6,,5761.979,6.813782443088544,0
2024,11604,,34.098194,-117.55581,p10,6,,5860.029,7.570869381209493,0
2024,10922,,34.371902,-118.860855,p10,6,,6504.3164,0.2523623127069831,0
2024,11728,,34.035217,-117.334404,p10,6,,7758.694,130.4713156695103,0
2024,11215,,34.286587,-118.4939,p10,6,,7860.028,35.07836146627065,0
2024,11060,,34.287859999999995,-118.76543999999998,p10,6,,8083.753000000001,2.5236231270698317,0
2024,11718,,33.990902,-117.59013,p10,6,,8347.527,76.97050537562986,0
2024,11714,,34.038982,-117.60496,p10,6,,8356.905999999999,13.627564886177089,0
2024,10087,,35.37554,-118.92053,p10,6,,8377.487,14.509404019477714,0
2024,11858,,34.14852,-116.35859,p10,7,,18401.17,8.397179739507958,0
2024,11856,,34.079227,-116.472916,p10,7,,20456.236,2.583747612156295,0
2024,11857,,34.089787,-116.40877,p10,7,,117431.664,78.14399572525883,0
2024,13042,,32.770965999999994,-117.02311,p11,6,,323.3736,0.9683925773195876,0
2024,13160,,32.674343,-116.99478,p11,6,,5668.8203,18.399458969072164,0
2024,13261,,32.61513,-117.04343,p11,6,,7617.384,6.7787480412371135,0
2024,13158,,32.73353,-116.94606,p11,6,,8101.735,5.953400412371136,0
2024,9745,,36.79183,-114.15926,p13,5,,30567.682,6.356985081081081,0
2024,9747,,36.80115,-114.092224,p13,5,,40542.805,6.443014918918948,0
2024,754,,45.779340000000005,-111.125336,p18,2,,4266.7085,1.8375384615384602,0
2024,591,,46.573597,-112.062546,p18,3,,9820.824,9.241323832923833,0
2024,779,,45.68057,-110.62238,p18,3,,10772.159,1.9119980343980345,0
2024,750,,45.763767,-111.28072,p18,3,,12531.99,0.318666339066339,0
2024,567,,46.621693,-112.07601,p18,3,,22295.428,0.6904733320733243,0
2024,845,,45.723392,-108.48793,p20,3,,3943.4148,1.8144,0
2024,816,,45.78447,-108.34219,p20,3,,8454.815,1.1856,0
2024,7237,,39.645092,-110.76543,p25,5,,843.6955,4.867444255975326,0
2024,8538,,38.579754,-109.60382,p25,5,,5673.4917,3.6505831919814944,0
2024,7236,,39.637493,-110.83582,p25,5,,5945.368,0.9734888511950652,0
2024,8539,,38.586735,-109.53441,p25,5,,7574.844,39.308483700848114,0
2024,10947,,35.201405,-114.08028,p27,6,,3519.6436,2.7840800834202293,0
2024,10946,,35.08698,-114.52548,p27,6,,7436.1284,7.5159199165797705,0
2024,13547,,32.675846,-114.493805,p28,7,,5455.411999999999,32.89999999999998,0
2024,14200,,32.070159999999994,-110.836845,p30,6,,4896.062,23.360000000000014,0
2024,14282,,32.305054,-107.77826,p31,6,,437.23062,17.02606788526435,0
2024,12102,,35.099277,-106.57132,p31,6,,1104.8547,6.18162442242796,0
2024,14807,,31.813198,-106.60987,p31,7,,5110.652,34.89230769230774,0
2024,8360,,39.039272,-108.41655,p33,5,,2132.0273,1.0368000000000002,0
2024,8068,,39.61901,-104.728065,p33,5,,4096.9688,119.86319999999996,0
2024,8605,,38.92872,-104.77772,p34,5,,3559.823,12.52777193136824,0
2024,9614,,38.0721,-102.570206,p34,5,,5029.1655,10.31698864936208,0
2024,8608,,38.880035,-104.7712,p34,5,,5328.7188,6.155239419269678,0
2024,531,,45.591522,-121.11373,p5,3,,1131.2489,4.157179331306992,0
2024,769,,44.279114,-121.10976,p5,3,,3019.8196,10.133124620060793,0
2024,715,,44.621094,-121.17671,p5,3,,6510.3413,13.510832826747723,0
2024,503,,45.68119,-121.47882,p5,3,,7857.986999999999,11.432243161094227,0
2024,768,,44.326145,-121.12987,p5,3,,7900.9854,0.779471124620061,0
2024,551,,45.827877,-119.34431,p5,3,,8023.5605,22.56437970540101,0
2024,765,,44.253525,-121.25785,p5,4,,9217.217,37.8432,0
2024,861,,43.979927,-121.378334,p5,4,,9485.41,3.888,0
2024,800,,44.219315,-121.16369,p5,4,,15843.927,4.147199999999999,0
2024,798,,44.206512,-121.23766,p5,4,,17313.236,0.2591999999999999,0
2024,797,,44.146667,-121.2914,p5,4,,23590.7,11.285169230769274,0
2024,14814,,31.879026,-106.42706,p59,7,,5988.484,5.0,0
2024,1527,,42.182365,-122.62987,p6,4,,645.1009,0.5184000000000001,0
2024,1712,,42.188034,-121.784225,p6,4,,2851.4126,4.381599999999999,0
2024,803,,44.745987,-117.87875,p7,3,,11777.316,2.692731753554502,0
2024,772,,44.79343,-117.89646,p7,3,,11844.818,3.3659146919431278,0
2024,916,,44.22686,-116.97883600000002,p7,3,,102972.23,16.64135355450236,0
2024,4022,,40.394806,-120.52324,p8,5,,53046.69,2.3999999999999986,0
2024,9438,,36.1821,-120.31208,p9,6,,12634.098999999998,0.2541543937708564,0
2024,9834,,35.4988,-120.69145,p9,6,,14603.573,9.657866963292548,0
2024,9792,,35.546326,-120.708725,p9,6,,21117.752,97.84944160177976,0
2024,9595,,36.004414000000004,-120.17831,p9,6,,23141.48,20.586505895439377,0
2024,9596,,35.956863,-120.16129,p9,6,,23286.225,0.2541543937708564,0
2024,9793,,35.606506,-120.66117,p9,6,,24231.508,83.35787675194663,0
2026,314,,47.053204,-120.51775,p1,3,,12552.883999999998,0.5,0
2026,11835,,33.965022999999995,-117.44759,p10,6,,2607.9307,10.59921713369329,0
2026,10148,,35.315983,-118.96942,p10,6,,2981.9246,10.346854820986309,0
2026,11719,,34.050117,-117.54101,p10,6,,3417.8198,22.20788351821452,0
2026,11721,,34.06122,-117.47704,p10,6,,3648.1838,0.7570869381209493,0
2026,11951,,33.84662,-117.5458,p10,6,,4142.2236,13.122840260763123,0
2026,13461,,32.744026,-114.70852,p10,6,,4473.7935,9.085043257451392,0
2026,10085,,35.42331,-118.93656,p10,6,,5035.5347,0.2523623127069831,0
2026,11730,,34.094326,-117.285034,p10,6,,5761.979,6.813782443088544,0
2026,11604,,34.098194,-117.55581,p10,6,,5860.029,7.570869381209493,0
2026,10922,,34.371902,-118.860855,p10,6,,6504.3164,0.2523623127069831,0
2026,11728,,34.035217,-117.334404,p10,6,,7758.694,130.4713156695103,0
2026,11215,,34.286587,-118.4939,p10,6,,7860.028,35.07836146627065,0
2026,11060,,34.287859999999995,-118.76543999999998,p10,6,,8083.753000000001,2.5236231270698317,0
2026,11718,,33.990902,-117.59013,p10,6,,8347.527,76.97050537562986,0
2026,11714,,34.038982,-117.60496,p10,6,,8356.905999999999,13.627564886177089,0
2026,10087,,35.37554,-118.92053,p10,6,,8377.487,14.509404019477714,0
2026,11858,,34.14852,-116.35859,p10,7,,18401.17,8.397179739507958,0
2026,11856,,34.079227,-116.472916,p10,7,,20456.236,2.583747612156295,0
2026,11857,,34.089787,-116.40877,p10,7,,117431.664,78.14399572525883,0
2026,13042,,32.770965999999994,-117.02311,p11,6,,323.3736,0.9683925773195876,0
2026,13160,,32.674343,-116.99478,p11,6,,5668.8203,18.399458969072164,0
2026,13261,,32.61513,-117.04343,p11,6,,7617.384,6.7787480412371135,0
2026,13158,,32.73353,-116.94606,p11,6,,8101.735,5.953400412371136,0
2026,9745,,36.79183,-114.15926,p13,5,,30567.682,6.356985081081081,0
2026,9747,,36.80115,-114.092224,p13,5,,40542.805,6.443014918918948,0
2026,754,,45.779340000000005,-111.125336,p18,2,,4266.7085,1.8375384615384602,0
2026,591,,46.573597,-112.062546,p18,3,,9820.824,9.241323832923833,0
2026,779,,45.68057,-110.62238,p18,3,,10772.159,1.9119980343980345,0
2026,750,,45.763767,-111.28072,p18,3,,12531.99,0.318666339066339,0
2026,567,,46.621693,-112.07601,p18,3,,22295.428,0.6904733320733243,0
2026,845,,45.723392,-108.48793,p20,3,,3943.4148,1.8144,0
2026,816,,45.78447,-108.34219,p20,3,,8454.815,1.1856,0
2026,7237,,39.645092,-110.76543,p25,5,,843.6955,4.867444255975326,0
2026,8538,,38.579754,-109.60382,p25,5,,5673.4917,3.6505831919814944,0
2026,7236,,39.637493,-110.83582,p25,5,,5945.368,0.9734888511950652,0
2026,8539,,38.586735,-109.53441,p25,5,,7574.844,39.308483700848114,0
2026,10947,,35.201405,-114.08028,p27,6,,3519.6436,2.7840800834202293,0
2026,10946,,35.08698,-114.52548,p27,6,,7436.1284,7.5159199165797705,0
2026,13547,,32.675846,-114.493805,p28,7,,5455.411999999999,32.89999999999998,0
2026,14200,,32.070159999999994,-110.836845,p30,6,,4896.062,23.360000000000014,0
2026,14282,,32.305054,-107.77826,p31,6,,437.23062,17.02606788526435,0
2026,12102,,35.099277,-106.57132,p31,6,,1104.8547,6.18162442242796,0
2026,14807,,31.813198,-106.60987,p31,7,,5110.652,34.89230769230774,0
2026,8360,,39.039272,-108.41655,p33,5,,2132.0273,1.0368000000000002,0
2026,8068,,39.61901,-104.728065,p33,5,,4096.9688,119.86319999999996,0
2026,8605,,38.92872,-104.77772,p34,5,,3559.823,12.52777193136824,0
2026,9614,,38.0721,-102.570206,p34,5,,5029.1655,10.31698864936208,0
2026,8608,,38.880035,-104.7712,p34,5,,5328.7188,6.155239419269678,0
2026,531,,45.591522,-121.11373,p5,3,,1131.2489,4.157179331306992,0
2026,769,,44.279114,-121.10976,p5,3,,3019.8196,10.133124620060793,0
2026,715,,44.621094,-121.17671,p5,3,,6510.3413,13.510832826747723,0
2026,503,,45.68119,-121.47882,p5,3,,7857.986999999999,11.432243161094227,0
2026,768,,44.326145,-121.12987,p5,3,,7900.9854,0.779471124620061,0
2026,551,,45.827877,-119.34431,p5,3,,8023.5605,22.56437970540101,0
2026,765,,44.253525,-121.25785,p5,4,,9217.217,37.8432,0
2026,861,,43.979927,-121.378334,p5,4,,9485.41,3.888,0
2026,800,,44.219315,-121.16369,p5,4,,15843.927,4.147199999999999,0
2026,798,,44.206512,-121.23766,p5,4,,17313.236,0.2591999999999999,0
2026,797,,44.146667,-121.2914,p5,4,,23590.7,11.285169230769274,0
2026,14814,,31.879026,-106.42706,p59,7,,5988.484,5.0,0
2026,1527,,42.182365,-122.62987,p6,4,,645.1009,0.5184000000000001,0
2026,1712,,42.188034,-121.784225,p6,4,,2851.4126,4.381599999999999,0
2026,803,,44.745987,-117.87875,p7,3,,11777.316,2.692731753554502,0
2026,772,,44.79343,-117.89646,p7,3,,11844.818,3.3659146919431278,0
2026,916,,44.22686,-116.97883600000002,p7,3,,102972.23,16.64135355450236,0
2026,4022,,40.394806,-120.52324,p8,5,,53046.69,2.3999999999999986,0
2026,9438,,36.1821,-120.31208,p9,6,,12634.098999999998,0.2541543937708564,0
2026,9834,,35.4988,-120.69145,p9,6,,14603.573,9.657866963292548,0
2026,9792,,35.546326,-120.708725,p9,6,,21117.752,97.84944160177976,0
2026,9595,,36.004414000000004,-120.17831,p9,6,,23141.48,20.586505895439377,0
2026,9596,,35.956863,-120.16129,p9,6,,23286.225,0.2541543937708564,0
2026,9793,,35.606506,-120.66117,p9,6,,24231.508,83.35787675194663,0
2028,314,,47.053204,-120.51775,p1,3,,12552.883999999998,0.5,0
2028,11835,,33.965022999999995,-117.44759,p10,6,,2607.9307,10.59921713369329,0
2028,10148,,35.315983,-118.96942,p10,6,,2981.9246,10.346854820986309,0
2028,11719,,34.050117,-117.54101,p10,6,,3417.8198,22.20788351821452,0
2028,11721,,34.06122,-117.47704,p10,6,,3648.1838,0.7570869381209493,0
2028,11951,,33.84662,-117.5458,p10,6,,4142.2236,13.122840260763123,0
2028,13461,,32.744026,-114.70852,p10,6,,4473.7935,9.085043257451392,0
2028,10085,,35.42331,-118.93656,p10,6,,5035.5347,0.2523623127069831,0
2028,11730,,34.094326,-117.285034,p10,6,,5761.979,6.813782443088544,0
2028,11604,,34.098194,-117.55581,p10,6,,5860.029,7.570869381209493,0
2028,10922,,34.371902,-118.860855,p10,6,,6504.3164,0.2523623127069831,0
2028,11728,,34.035217,-117.334404,p10,6,,7758.694,130.4713156695103,0
2028,11215,,34.286587,-118.4939,p10,6,,7860.028,35.07836146627065,0
2028,11060,,34.287859999999995,-118.76543999999998,p10,6,,8083.753000000001,2.5236231270698317,0
2028,11718,,33.990902,-117.59013,p10,6,,8347.527,76.97050537562986,0
2028,11714,,34.038982,-117.60496,p10,6,,8356.905999999999,13.627564886177089,0
2028,10087,,35.37554,-118.92053,p10,6,,8377.487,14.509404019477714,0
2028,11858,,34.14852,-116.35859,p10,7,,18401.17,8.397179739507958,0
2028,11856,,34.079227,-116.472916,p10,7,,20456.236,2.583747612156295,0
2028,11857,,34.089787,-116.40877,p10,7,,117431.664,78.14399572525883,0
2028,13042,,32.770965999999994,-117.02311,p11,6,,323.3736,0.9683925773195876,0
2028,13160,,32.674343,-116.99478,p11,6,,5668.8203,18.399458969072164,0
2028,13261,,32.61513,-117.04343,p11,6,,7617.384,6.7787480412371135,0
2028,13158,,32.73353,-116.94606,p11,6,,8101.735,5.953400412371136,0
2028,9745,,36.79183,-114.15926,p13,5,,30567.682,6.356985081081081,0
2028,9747,,36.80115,-114.092224,p13,5,,40542.805,6.443014918918948,0
2028,754,,45.779340000000005,-111.125336,p18,2,,4266.7085,1.8375384615384602,0
2028,591,,46.573597,-112.062546,p18,3,,9820.824,9.241323832923833,0
2028,779,,45.68057,-110.62238,p18,3,,10772.159,1.9119980343980345,0
2028,750,,45.763767,-111.28072,p18,3,,12531.99,0.318666339066339,0
2028,567,,46.621693,-112.07601,p18,3,,22295.428,0.6904733320733243,0
2028,845,,45.723392,-108.48793,p20,3,,3943.4148,1.8144,0
2028,816,,45.78447,-108.34219,p20,3,,8454.815,1.1856,0
2028,7237,,39.645092,-110.76543,p25,5,,843.6955,4.867444255975326,0
2028,8538,,38.579754,-109.60382,p25,5,,5673.4917,3.6505831919814944,0
2028,7236,,39.637493,-110.83582,p25,5,,5945.368,0.9734888511950652,0
2028,8539,,38.586735,-109.53441,p25,5,,7574.844,39.308483700848114,0
2028,10947,,35.201405,-114.08028,p27,6,,3519.6436,2.7840800834202293,0
2028,10946,,35.08698,-114.52548,p27,6,,7436.1284,7.5159199165797705,0
2028,13547,,32.675846,-114.493805,p28,7,,5455.411999999999,32.89999999999998,0
2028,14200,,32.070159999999994,-110.836845,p30,6,,4896.062,23.360000000000014,0
2028,14282,,32.305054,-107.77826,p31,6,,437.23062,17.02606788526435,0
2028,12102,,35.099277,-106.57132,p31,6,,1104.8547,6.18162442242796,0
2028,14807,,31.813198,-106.60987,p31,7,,5110.652,34.89230769230774,0
2028,8360,,39.039272,-108.41655,p33,5,,2132.0273,1.0368000000000002,0
2028,8068,,39.61901,-104.728065,p33,5,,4096.9688,119.86319999999996,0
2028,8605,,38.92872,-104.77772,p34,5,,3559.823,12.52777193136824,0
2028,9614,,38.0721,-102.570206,p34,5,,5029.1655,10.31698864936208,0
2028,8608,,38.880035,-104.7712,p34,5,,5328.7188,6.155239419269678,0
2028,531,,45.591522,-121.11373,p5,3,,1131.2489,4.157179331306992,0
2028,769,,44.279114,-121.10976,p5,3,,3019.8196,10.133124620060793,0
2028,715,,44.621094,-121.17671,p5,3,,6510.3413,13.510832826747723,0
2028,503,,45.68119,-121.47882,p5,3,,7857.986999999999,11.432243161094227,0
2028,768,,44.326145,-121.12987,p5,3,,7900.9854,0.779471124620061,0
2028,551,,45.827877,-119.34431,p5,3,,8023.5605,22.56437970540101,0
2028,765,,44.253525,-121.25785,p5,4,,9217.217,37.8432,0
2028,861,,43.979927,-121.378334,p5,4,,9485.41,3.888,0
2028,800,,44.219315,-121.16369,p5,4,,15843.927,4.147199999999999,0
2028,798,,44.206512,-121.23766,p5,4,,17313.236,0.2591999999999999,0
2028,797,,44.146667,-121.2914,p5,4,,23590.7,11.285169230769274,0
2028,14814,,31.879026,-106.42706,p59,7,,5988.484,5.0,0
2028,1527,,42.182365,-122.62987,p6,4,,645.1009,0.5184000000000001,0
2028,1712,,42.188034,-121.784225,p6,4,,2851.4126,4.381599999999999,0
2028,803,,44.745987,-117.87875,p7,3,,11777.316,2.692731753554502,0
2028,772,,44.79343,-117.89646,p7,3,,11844.818,3.3659146919431278,0
2028,916,,44.22686,-116.97883600000002,p7,3,,102972.23,16.64135355450236,0
2028,4022,,40.394806,-120.52324,p8,5,,53046.69,2.3999999999999986,0
2028,9438,,36.1821,-120.31208,p9,6,,12634.098999999998,0.2541543937708564,0
2028,9834,,35.4988,-120.69145,p9,6,,14603.573,9.657866963292548,0
2028,9792,,35.546326,-120.708725,p9,6,,21117.752,97.84944160177976,0
2028,9595,,36.004414000000004,-120.17831,p9,6,,23141.48,20.586505895439377,0
2028,9596,,35.956863,-120.16129,p9,6,,23286.225,0.2541543937708564,0
2028,9793,,35.606506,-120.66117,p9,6,,24231.508,83.35787675194663,0
2030,314,,47.053204,-120.51775,p1,3,,12552.883999999998,0.5,0
2030,11835,,33.965022999999995,-117.44759,p10,6,,2607.9307,10.59921713369329,0
2030,10148,,35.315983,-118.96942,p10,6,,2981.9246,10.346854820986309,0
2030,11719,,34.050117,-117.54101,p10,6,,3417.8198,22.20788351821452,0
2030,11721,,34.06122,-117.47704,p10,6,,3648.1838,0.7570869381209493,0
2030,11951,,33.84662,-117.5458,p10,6,,4142.2236,13.122840260763123,0
2030,13461,,32.744026,-114.70852,p10,6,,4473.7935,9.085043257451392,0
2030,10085,,35.42331,-118.93656,p10,6,,5035.5347,0.2523623127069831,0
2030,11730,,34.094326,-117.285034,p10,6,,5761.979,6.813782443088544,0
2030,11604,,34.098194,-117.55581,p10,6,,5860.029,7.570869381209493,0
2030,10922,,34.371902,-118.860855,p10,6,,6504.3164,0.2523623127069831,0
2030,11728,,34.035217,-117.334404,p10,6,,7758.694,130.4713156695103,0
2030,11215,,34.286587,-118.4939,p10,6,,7860.028,35.07836146627065,0
2030,11060,,34.287859999999995,-118.76543999999998,p10,6,,8083.753000000001,2.5236231270698317,0
2030,11718,,33.990902,-117.59013,p10,6,,8347.527,76.97050537562986,0
2030,11714,,34.038982,-117.60496,p10,6,,8356.905999999999,13.627564886177089,0
2030,10087,,35.37554,-118.92053,p10,6,,8377.487,14.509404019477714,0
2030,11858,,34.14852,-116.35859,p10,7,,18401.17,8.397179739507958,0
2030,11856,,34.079227,-116.472916,p10,7,,20456.236,2.583747612156295,0
2030,11857,,34.089787,-116.40877,p10,7,,117431.664,78.14399572525883,0
2030,13042,,32.770965999999994,-117.02311,p11,6,,323.3736,0.9683925773195876,0
2030,13160,,32.674343,-116.99478,p11,6,,5668.8203,18.399458969072164,0
2030,13261,,32.61513,-117.04343,p11,6,,7617.384,6.7787480412371135,0
2030,13158,,32.73353,-116.94606,p11,6,,8101.735,5.953400412371136,0
2030,9745,,36.79183,-114.15926,p13,5,,30567.682,6.356985081081081,0
2030,9747,,36.80115,-114.092224,p13,5,,40542.805,6.443014918918948,0
2030,754,,45.779340000000005,-111.125336,p18,2,,4266.7085,1.8375384615384602,0
2030,591,,46.573597,-112.062546,p18,3,,9820.824,9.241323832923833,0
2030,779,,45.68057,-110.62238,p18,3,,10772.159,1.9119980343980345,0
2030,750,,45.763767,-111.28072,p18,3,,12531.99,0.318666339066339,0
2030,567,,46.621693,-112.07601,p18,3,,22295.428,0.6904733320733243,0
2030,845,,45.723392,-108.48793,p20,3,,3943.4148,1.8144,0
2030,816,,45.78447,-108.34219,p20,3,,8454.815,1.1856,0
2030,7237,,39.645092,-110.76543,p25,5,,843.6955,4.867444255975326,0
2030,8538,,38.579754,-109.60382,p25,5,,5673.4917,3.6505831919814944,0
2030,7236,,39.637493,-110.83582,p25,5,,5945.368,0.9734888511950652,0
2030,8539,,38.586735,-109.53441,p25,5,,7574.844,39.308483700848114,0
2030,10947,,35.201405,-114.08028,p27,6,,3519.6436,2.7840800834202293,0
2030,10946,,35.08698,-114.52548,p27,6,,7436.1284,7.5159199165797705,0
2030,13547,,32.675846,-114.493805,p28,7,,5455.411999999999,32.89999999999998,0
2030,14200,,32.070159999999994,-110.836845,p30,6,,4896.062,23.360000000000014,0
2030,14282,,32.305054,-107.77826,p31,6,,437.23062,17.02606788526435,0
2030,12102,,35.099277,-106.57132,p31,6,,1104.8547,6.18162442242796,0
2030,14807,,31.813198,-106.60987,p31,7,,5110.652,34.89230769230774,0
2030,8360,,39.039272,-108.41655,p33,5,,2132.0273,1.0368000000000002,0
2030,8068,,39.61901,-104.728065,p33,5,,4096.9688,119.86319999999996,0
2030,8605,,38.92872,-104.77772,p34,5,,3559.823,12.52777193136824,0
2030,9614,,38.0721,-102.570206,p34,5,,5029.1655,10.31698864936208,0
2030,8608,,38.880035,-104.7712,p34,5,,5328.7188,6.155239419269678,0
2030,531,,45.591522,-121.11373,p5,3,,1131.2489,4.157179331306992,0
2030,769,,44.279114,-121.10976,p5,3,,3019.8196,10.133124620060793,0
2030,715,,44.621094,-121.17671,p5,3,,6510.3413,13.510832826747723,0
2030,503,,45.68119,-121.47882,p5,3,,7857.986999999999,11.432243161094227,0
2030,768,,44.326145,-121.12987,p5,3,,7900.9854,0.779471124620061,0
2030,551,,45.827877,-119.34431,p5,3,,8023.5605,22.56437970540101,0
2030,765,,44.253525,-121.25785,p5,4,,9217.217,37.8432,0
2030,861,,43.979927,-121.378334,p5,4,,9485.41,3.888,0
2030,800,,44.219315,-121.16369,p5,4,,15843.927,4.147199999999999,0
2030,798,,44.206512,-121.23766,p5,4,,17313.236,0.2591999999999999,0
2030,797,,44.146667,-121.2914,p5,4,,23590.7,11.285169230769274,0
2030,14814,,31.879026,-106.42706,p59,7,,5988.484,5.0,0
2030,1527,,42.182365,-122.62987,p6,4,,645.1009,0.5184000000000001,0
2030,1712,,42.188034,-121.784225,p6,4,,2851.4126,4.381599999999999,0
2030,803,,44.745987,-117.87875,p7,3,,11777.316,2.692731753554502,0
2030,772,,44.79343,-117.89646,p7,3,,11844.818,3.3659146919431278,0
2030,916,,44.22686,-116.97883600000002,p7,3,,102972.23,16.64135355450236,0
2030,4022,,40.394806,-120.52324,p8,5,,53046.69,2.3999999999999986,0
2030,9438,,36.1821,-120.31208,p9,6,,12634.098999999998,0.2541543937708564,0
2030,9834,,35.4988,-120.69145,p9,6,,14603.573,9.657866963292548,0
2030,9792,,35.546326,-120.708725,p9,6,,21117.752,97.84944160177976,0
2030,9595,,36.004414000000004,-120.17831,p9,6,,23141.48,20.586505895439377,0
2030,9596,,35.956863,-120.16129,p9,6,,23286.225,0.2541543937708564,0
2030,9793,,35.606506,-120.66117,p9,6,,24231.508,83.35787675194663,0
2032,314,,47.053204,-120.51775,p1,3,,12552.883999999998,0.5,0
2032,11835,,33.965022999999995,-117.44759,p10,6,,2607.9307,10.59921713369329,0
2032,10148,,35.315983,-118.96942,p10,6,,2981.9246,10.346854820986309,0
2032,11719,,34.050117,-117.54101,p10,6,,3417.8198,22.20788351821452,0
2032,11721,,34.06122,-117.47704,p10,6,,3648.1838,0.7570869381209493,0
2032,11951,,33.84662,-117.5458,p10,6,,4142.2236,13.122840260763123,0
2032,13461,,32.744026,-114.70852,p10,6,,4473.7935,9.085043257451392,0
2032,10085,,35.42331,-118.93656,p10,6,,5035.5347,0.2523623127069831,0
2032,11730,,34.094326,-117.285034,p10,6,,5761.979,6.813782443088544,0
2032,11604,,34.098194,-117.55581,p10,6,,5860.029,7.570869381209493,0
2032,10922,,34.371902,-118.860855,p10,6,,6504.3164,0.2523623127069831,0
2032,11728,,34.035217,-117.334404,p10,6,,7758.694,130.4713156695103,0
2032,11215,,34.286587,-118.4939,p10,6,,7860.028,35.07836146627065,0
2032,11060,,34.287859999999995,-118.76543999999998,p10,6,,8083.753000000001,2.5236231270698317,0
2032,11718,,33.990902,-117.59013,p10,6,,8347.527,76.97050537562986,0
2032,11714,,34.038982,-117.60496,p10,6,,8356.905999999999,13.627564886177089,0
2032,10087,,35.37554,-118.92053,p10,6,,8377.487,14.509404019477714,0
2032,11858,,34.14852,-116.35859,p10,7,,18401.17,8.397179739507958,0
2032,11856,,34.079227,-116.472916,p10,7,,20456.236,2.583747612156295,0
2032,11857,,34.089787,-116.40877,p10,7,,117431.664,78.14399572525883,0
2032,13042,,32.770965999999994,-117.02311,p11,6,,323.3736,0.9683925773195876,0
2032,13160,,32.674343,-116.99478,p11,6,,5668.8203,18.399458969072164,0
2032,13261,,32.61513,-117.04343,p11,6,,7617.384,6.7787480412371135,0
2032,13158,,32.73353,-116.94606,p11,6,,8101.735,5.953400412371136,0
2032,9745,,36.79183,-114.15926,p13,5,,30567.682,6.356985081081081,0
2032,9747,,36.80115,-114.092224,p13,5,,40542.805,6.443014918918948,0
2032,754,,45.779340000000005,-111.125336,p18,2,,4266.7085,1.8375384615384602,0
2032,591,,46.573597,-112.062546,p18,3,,9820.824,9.241323832923833,0
2032,779,,45.68057,-110.62238,p18,3,,10772.159,1.9119980343980345,0
2032,750,,45.763767,-111.28072,p18,3,,12531.99,0.318666339066339,0
2032,567,,46.621693,-112.07601,p18,3,,22295.428,0.6904733320733243,0
2032,845,,45.723392,-108.48793,p20,3,,3943.4148,1.8144,0
2032,816,,45.78447,-108.34219,p20,3,,8454.815,1.1856,0
2032,7237,,39.645092,-110.76543,p25,5,,843.6955,4.867444255975326,0
2032,8538,,38.579754,-109.60382,p25,5,,5673.4917,3.6505831919814944,0
2032,7236,,39.637493,-110.83582,p25,5,,5945.368,0.9734888511950652,0
2032,8539,,38.586735,-109.53441,p25,5,,7574.844,39.308483700848114,0
2032,10947,,35.201405,-114.08028,p27,6,,3519.6436,2.7840800834202293,0
2032,10946,,35.08698,-114.52548,p27,6,,7436.1284,7.5159199165797705,0
2032,13547,,32.675846,-114.493805,p28,7,,5455.411999999999,32.89999999999998,0
2032,14200,,32.070159999999994,-110.836845,p30,6,,4896.062,23.360000000000014,0
2032,14282,,32.305054,-107.77826,p31,6,,437.23062,17.02606788526435,0
2032,12102,,35.099277,-106.57132,p31,6,,1104.8547,6.18162442242796,0
2032,14807,,31.813198,-106.60987,p31,7,,5110.652,34.89230769230774,0
2032,8360,,39.039272,-108.41655,p33,5,,2132.0273,1.0368000000000002,0
2032,8068,,39.61901,-104.728065,p33,5,,4096.9688,119.86319999999996,0
2032,8605,,38.92872,-104.77772,p34,5,,3559.823,12.52777193136824,0
2032,9614,,38.0721,-102.570206,p34,5,,5029.1655,10.31698864936208,0
2032,8608,,38.880035,-104.7712,p34,5,,5328.7188,6.155239419269678,0
2032,531,,45.591522,-121.11373,p5,3,,1131.2489,4.157179331306992,0
2032,769,,44.279114,-121.10976,p5,3,,3019.8196,10.133124620060793,0
2032,715,,44.621094,-121.17671,p5,3,,6510.3413,13.510832826747723,0
2032,503,,45.68119,-121.47882,p5,3,,7857.986999999999,11.432243161094227,0
2032,768,,44.326145,-121.12987,p5,3,,7900.9854,0.779471124620061,0
2032,551,,45.827877,-119.34431,p5,3,,8023.5605,22.56437970540101,0
2032,765,,44.253525,-121.25785,p5,4,,9217.217,37.8432,0
2032,861,,43.979927,-121.378334,p5,4,,9485.41,3.888,0
2032,800,,44.219315,-121.16369,p5,4,,15843.927,4.147199999999999,0
2032,798,,44.206512,-121.23766,p5,4,,17313.236,0.2591999999999999,0
2032,797,,44.146667,-121.2914,p5,4,,23590.7,11.285169230769274,0
2032,14814,,31.879026,-106.42706,p59,7,,5988.484,5.0,0
2032,1527,,42.182365,-122.62987,p6,4,,645.1009,0.5184000000000001,0
2032,1712,,42.188034,-121.784225,p6,4,,2851.4126,4.381599999999999,0
2032,803,,44.745987,-117.87875,p7,3,,11777.316,2.692731753554502,0
2032,772,,44.79343,-117.89646,p7,3,,11844.818,3.3659146919431278,0
2032,916,,44.22686,-116.97883600000002,p7,3,,102972.23,16.64135355450236,0
2032,4022,,40.394806,-120.52324,p8,5,,53046.69,2.3999999999999986,0
2032,9438,,36.1821,-120.31208,p9,6,,12634.098999999998,0.2541543937708564,0
2032,9834,,35.4988,-120.69145,p9,6,,14603.573,9.657866963292548,0
2032,9792,,35.546326,-120.708725,p9,6,,21117.752,97.84944160177976,0
2032,9595,,36.004414000000004,-120.17831,p9,6,,23141.48,20.586505895439377,0
2032,9596,,35.956863,-120.16129,p9,6,,23286.225,0.2541543937708564,0
2032,9793,,35.606506,-120.66117,p9,6,,24231.508,83.35787675194663,0
2034,314,,47.053204,-120.51775,p1,3,,12552.883999999998,0.5,0
2034,11835,,33.965022999999995,-117.44759,p10,6,,2607.9307,10.59921713369329,0
2034,10148,,35.315983,-118.96942,p10,6,,2981.9246,10.346854820986309,0
2034,11719,,34.050117,-117.54101,p10,6,,3417.8198,22.20788351821452,0
2034,11721,,34.06122,-117.47704,p10,6,,3648.1838,0.7570869381209493,0
2034,11951,,33.84662,-117.5458,p10,6,,4142.2236,13.122840260763123,0
2034,13461,,32.744026,-114.70852,p10,6,,4473.7935,9.085043257451392,0
2034,10085,,35.42331,-118.93656,p10,6,,5035.5347,0.2523623127069831,0
2034,11730,,34.094326,-117.285034,p10,6,,5761.979,6.813782443088544,0
2034,11604,,34.098194,-117.55581,p10,6,,5860.029,7.570869381209493,0
2034,10922,,34.371902,-118.860855,p10,6,,6504.3164,0.2523623127069831,0
2034,11728,,34.035217,-117.334404,p10,6,,7758.694,130.4713156695103,0
2034,11215,,34.286587,-118.4939,p10,6,,7860.028,35.07836146627065,0
2034,11060,,34.287859999999995,-118.76543999999998,p10,6,,8083.753000000001,2.5236231270698317,0
2034,11718,,33.990902,-117.59013,p10,6,,8347.527,76.97050537562986,0
2034,11714,,34.038982,-117.60496,p10,6,,8356.905999999999,13.627564886177089,0
2034,10087,,35.37554,-118.92053,p10,6,,8377.487,14.509404019477714,0
2034,11858,,34.14852,-116.35859,p10,7,,18401.17,8.397179739507958,0
2034,11856,,34.079227,-116.472916,p10,7,,20456.236,2.583747612156295,0
2034,11857,,34.089787,-116.40877,p10,7,,117431.664,78.14399572525883,0
2034,13042,,32.770965999999994,-117.02311,p11,6,,323.3736,0.9683925773195876,0
2034,13160,,32.674343,-116.99478,p11,6,,5668.8203,18.399458969072164,0
2034,13261,,32.61513,-117.04343,p11,6,,7617.384,6.7787480412371135,0
2034,13158,,32.73353,-116.94606,p11,6,,8101.735,5.953400412371136,0
2034,9745,,36.79183,-114.15926,p13,5,,30567.682,6.356985081081081,0
2034,9747,,36.80115,-114.092224,p13,5,,40542.805,6.443014918918948,0
2034,754,,45.779340000000005,-111.125336,p18,2,,4266.7085,1.8375384615384602,0
2034,591,,46.573597,-112.062546,p18,3,,9820.824,9.241323832923833,0
2034,779,,45.68057,-110.62238,p18,3,,10772.159,1.9119980343980345,0
2034,750,,45.763767,-111.28072,p18,3,,12531.99,0.318666339066339,0
2034,567,,46.621693,-112.07601,p18,3,,22295.428,0.6904733320733243,0
2034,845,,45.723392,-108.48793,p20,3,,3943.4148,1.8144,0
2034,816,,45.78447,-108.34219,p20,3,,8454.815,1.1856,0
2034,7237,,39.645092,-110.76543,p25,5,,843.6955,4.867444255975326,0
2034,8538,,38.579754,-109.60382,p25,5,,5673.4917,3.6505831919814944,0
2034,7236,,39.637493,-110.83582,p25,5,,5945.368,0.9734888511950652,0
2034,8539,,38.586735,-109.53441,p25,5,,7574.844,39.308483700848114,0
2034,10947,,35.201405,-114.08028,p27,6,,3519.6436,2.7840800834202293,0
2034,10946,,35.08698,-114.52548,p27,6,,7436.1284,7.5159199165797705,0
2034,13547,,32.675846,-114.493805,p28,7,,5455.411999999999,32.89999999999998,0
2034,14200,,32.070159999999994,-110.836845,p30,6,,4896.062,23.360000000000014,0
2034,14282,,32.305054,-107.77826,p31,6,,437.23062,17.02606788526435,0
2034,12102,,35.099277,-106.57132,p31,6,,1104.8547,6.18162442242796,0
2034,14807,,31.813198,-106.60987,p31,7,,5110.652,34.89230769230774,0
2034,8360,,39.039272,-108.41655,p33,5,,2132.0273,1.0368000000000002,0
2034,8068,,39.61901,-104.728065,p33,5,,4096.9688,119.86319999999996,0
2034,8605,,38.92872,-104.77772,p34,5,,3559.823,12.52777193136824,0
2034,9614,,38.0721,-102.570206,p34,5,,5029.1655,10.31698864936208,0
2034,8608,,38.880035,-104.7712,p34,5,,5328.7188,6.155239419269678,0
2034,531,,45.591522,-121.11373,p5,3,,1131.2489,4.157179331306992,0
2034,769,,44.279114,-121.10976,p5,3,,3019.8196,10.133124620060793,0
2034,715,,44.621094,-121.17671,p5,3,,6510.3413,13.510832826747723,0
2034,503,,45.68119,-121.47882,p5,3,,7857.986999999999,11.432243161094227,0
2034,768,,44.326145,-121.12987,p5,3,,7900.9854,0.779471124620061,0
2034,551,,45.827877,-119.34431,p5,3,,8023.5605,22.56437970540101,0
2034,765,,44.253525,-121.25785,p5,4,,9217.217,37.8432,0
2034,861,,43.979927,-121.378334,p5,4,,9485.41,3.888,0
2034,800,,44.219315,-121.16369,p5,4,,15843.927,4.147199999999999,0
2034,798,,44.206512,-121.23766,p5,4,,17313.236,0.2591999999999999,0
2034,797,,44.146667,-121.2914,p5,4,,23590.7,11.285169230769274,0
2034,14814,,31.879026,-106.42706,p59,7,,5988.484,5.0,0
2034,1527,,42.182365,-122.62987,p6,4,,645.1009,0.5184000000000001,0
2034,1712,,42.188034,-121.784225,p6,4,,2851.4126,4.381599999999999,0
2034,803,,44.745987,-117.87875,p7,3,,11777.316,2.692731753554502,0
2034,772,,44.79343,-117.89646,p7,3,,11844.818,3.3659146919431278,0
2034,916,,44.22686,-116.97883600000002,p7,3,,102972.23,16.64135355450236,0
2034,4022,,40.394806,-120.52324,p8,5,,53046.69,2.3999999999999986,0
2034,9438,,36.1821,-120.31208,p9,6,,12634.098999999998,0.2541543937708564,0
2034,9834,,35.4988,-120.69145,p9,6,,14603.573,9.657866963292548,0
2034,9792,,35.546326,-120.708725,p9,6,,21117.752,97.84944160177976,0
2034,9595,,36.004414000000004,-120.17831,p9,6,,23141.48,20.586505895439377,0
2034,9596,,35.956863,-120.16129,p9,6,,23286.225,0.2541543937708564,0
2034,9793,,35.606506,-120.66117,p9,6,,24231.508,83.35787675194663,0
2036,314,,47.053204,-120.51775,p1,3,,12552.883999999998,0.5,0
2036,11835,,33.965022999999995,-117.44759,p10,6,,2607.9307,10.59921713369329,0
2036,10148,,35.315983,-118.96942,p10,6,,2981.9246,10.346854820986309,0
2036,11719,,34.050117,-117.54101,p10,6,,3417.8198,22.20788351821452,0
2036,11721,,34.06122,-117.47704,p10,6,,3648.1838,0.7570869381209493,0
2036,11951,,33.84662,-117.5458,p10,6,,4142.2236,13.122840260763123,0
2036,13461,,32.744026,-114.70852,p10,6,,4473.7935,9.085043257451392,0
2036,10085,,35.42331,-118.93656,p10,6,,5035.5347,0.2523623127069831,0
2036,11730,,34.094326,-117.285034,p10,6,,5761.979,6.813782443088544,0
2036,11604,,34.098194,-117.55581,p10,6,,5860.029,7.570869381209493,0
2036,10922,,34.371902,-118.860855,p10,6,,6504.3164,0.2523623127069831,0
2036,11728,,34.035217,-117.334404,p10,6,,7758.694,130.4713156695103,0
2036,11215,,34.286587,-118.4939,p10,6,,7860.028,35.07836146627065,0
2036,11060,,34.287859999999995,-118.76543999999998,p10,6,,8083.753000000001,2.5236231270698317,0
2036,11718,,33.990902,-117.59013,p10,6,,8347.527,76.97050537562986,0
2036,11714,,34.038982,-117.60496,p10,6,,8356.905999999999,13.627564886177089,0
2036,10087,,35.37554,-118.92053,p10,6,,8377.487,14.509404019477714,0
2036,11858,,34.14852,-116.35859,p10,7,,18401.17,8.397179739507958,0
2036,11856,,34.079227,-116.472916,p10,7,,20456.236,2.583747612156295,0
2036,11857,,34.089787,-116.40877,p10,7,,117431.664,78.14399572525883,0
2036,13042,,32.770965999999994,-117.02311,p11,6,,323.3736,0.9683925773195876,0
2036,13160,,32.674343,-116.99478,p11,6,,5668.8203,18.399458969072164,0
2036,13261,,32.61513,-117.04343,p11,6,,7617.384,6.7787480412371135,0
2036,13158,,32.73353,-116.94606,p11,6,,8101.735,5.953400412371136,0
2036,9745,,36.79183,-114.15926,p13,5,,30567.682,6.356985081081081,0
2036,9747,,36.80115,-114.092224,p13,5,,40542.805,6.443014918918948,0
2036,754,,45.779340000000005,-111.125336,p18,2,,4266.7085,1.8375384615384602,0
2036,591,,46.573597,-112.062546,p18,3,,9820.824,9.241323832923833,0
2036,779,,45.68057,-110.62238,p18,3,,10772.159,1.9119980343980345,0
2036,750,,45.763767,-111.28072,p18,3,,12531.99,0.318666339066339,0
2036,567,,46.621693,-112.07601,p18,3,,22295.428,0.6904733320733243,0
2036,845,,45.723392,-108.48793,p20,3,,3943.4148,1.8144,0
2036,816,,45.78447,-108.34219,p20,3,,8454.815,1.1856,0
2036,7237,,39.645092,-110.76543,p25,5,,843.6955,4.867444255975326,0
2036,8538,,38.579754,-109.60382,p25,5,,5673.4917,3.6505831919814944,0
2036,7236,,39.637493,-110.83582,p25,5,,5945.368,0.9734888511950652,0
2036,8539,,38.586735,-109.53441,p25,5,,7574.844,39.308483700848114,0
2036,10947,,35.201405,-114.08028,p27,6,,3519.6436,2.7840800834202293,0
2036,10946,,35.08698,-114.52548,p27,6,,7436.1284,7.5159199165797705,0
2036,13547,,32.675846,-114.493805,p28,7,,5455.411999999999,32.89999999999998,0
2036,14200,,32.070159999999994,-110.836845,p30,6,,4896.062,23.360000000000014,0
2036,14282,,32.305054,-107.77826,p31,6,,437.23062,17.02606788526435,0
2036,12102,,35.099277,-106.57132,p31,6,,1104.8547,6.18162442242796,0
2036,14807,,31.813198,-106.60987,p31,7,,5110.652,34.89230769230774,0
2036,8360,,39.039272,-108.41655,p33,5,,2132.0273,1.0368000000000002,0
2036,8068,,39.61901,-104.728065,p33,5,,4096.9688,119.86319999999996,0
2036,8605,,38.92872,-104.77772,p34,5,,3559.823,12.52777193136824,0
2036,9614,,38.0721,-102.570206,p34,5,,5029.1655,10.31698864936208,0
2036,8608,,38.880035,-104.7712,p34,5,,5328.7188,6.155239419269678,0
2036,531,,45.591522,-121.11373,p5,3,,1131.2489,4.157179331306992,0
2036,769,,44.279114,-121.10976,p5,3,,3019.8196,10.133124620060793,0
2036,715,,44.621094,-121.17671,p5,3,,6510.3413,13.510832826747723,0
2036,503,,45.68119,-121.47882,p5,3,,7857.986999999999,11.432243161094227,0
2036,768,,44.326145,-121.12987,p5,3,,7900.9854,0.779471124620061,0
2036,551,,45.827877,-119.34431,p5,3,,8023.5605,22.56437970540101,0
2036,765,,44.253525,-121.25785,p5,4,,9217.217,37.8432,0
2036,861,,43.979927,-121.378334,p5,4,,9485.41,3.888,0
2036,800,,44.219315,-121.16369,p5,4,,15843.927,4.147199999999999,0
2036,798,,44.206512,-121.23766,p5,4,,17313.236,0.2591999999999999,0
2036,797,,44.146667,-121.2914,p5,4,,23590.7,11.285169230769274,0
2036,14814,,31.879026,-106.42706,p59,7,,5988.484,5.0,0
2036,1527,,42.182365,-122.62987,p6,4,,645.1009,0.5184000000000001,0
2036,1712,,42.188034,-121.784225,p6,4,,2851.4126,4.381599999999999,0
2036,803,,44.745987,-117.87875,p7,3,,11777.316,2.692731753554502,0
2036,772,,44.79343,-117.89646,p7,3,,11844.818,3.3659146919431278,0
2036,916,,44.22686,-116.97883600000002,p7,3,,102972.23,16.64135355450236,0
2036,4022,,40.394806,-120.52324,p8,5,,53046.69,2.3999999999999986,0
2036,9438,,36.1821,-120.31208,p9,6,,12634.098999999998,0.2541543937708564,0
2036,9834,,35.4988,-120.69145,p9,6,,14603.573,9.657866963292548,0
2036,9792,,35.546326,-120.708725,p9,6,,21117.752,97.84944160177976,0
2036,9595,,36.004414000000004,-120.17831,p9,6,,23141.48,20.586505895439377,0
2036,9596,,35.956863,-120.16129,p9,6,,23286.225,0.2541543937708564,0
2036,9793,,35.606506,-120.66117,p9,6,,24231.508,83.35787675194663,0
2038,314,,47.053204,-120.51775,p1,3,,12552.883999999998,0.5,0
2038,11835,,33.965022999999995,-117.44759,p10,6,,2607.9307,10.59921713369329,0
2038,10148,,35.315983,-118.96942,p10,6,,2981.9246,10.346854820986309,0
2038,11719,,34.050117,-117.54101,p10,6,,3417.8198,22.20788351821452,0
2038,11721,,34.06122,-117.47704,p10,6,,3648.1838,0.7570869381209493,0
2038,11951,,33.84662,-117.5458,p10,6,,4142.2236,13.122840260763123,0
2038,13461,,32.744026,-114.70852,p10,6,,4473.7935,9.085043257451392,0
2038,10085,,35.42331,-118.93656,p10,6,,5035.5347,0.2523623127069831,0
2038,11730,,34.094326,-117.285034,p10,6,,5761.979,6.813782443088544,0
2038,11604,,34.098194,-117.55581,p10,6,,5860.029,7.570869381209493,0
2038,10922,,34.371902,-118.860855,p10,6,,6504.3164,0.2523623127069831,0
2038,11728,,34.035217,-117.334404,p10,6,,7758.694,130.4713156695103,0
2038,11215,,34.286587,-118.4939,p10,6,,7860.028,35.07836146627065,0
2038,11060,,34.287859999999995,-118.76543999999998,p10,6,,8083.753000000001,2.5236231270698317,0
2038,11718,,33.990902,-117.59013,p10,6,,8347.527,76.97050537562986,0
2038,11714,,34.038982,-117.60496,p10,6,,8356.905999999999,13.627564886177089,0
2038,10087,,35.37554,-118.92053,p10,6,,8377.487,14.509404019477714,0
2038,11858,,34.14852,-116.35859,p10,7,,18401.17,8.397179739507958,0
2038,11856,,34.079227,-116.472916,p10,7,,20456.236,2.583747612156295,0
2038,11857,,34.089787,-116.40877,p10,7,,117431.664,78.14399572525883,0
2038,13042,,32.770965999999994,-117.02311,p11,6,,323.3736,0.9683925773195876,0
2038,13160,,32.674343,-116.99478,p11,6,,5668.8203,18.399458969072164,0
2038,13261,,32.61513,-117.04343,p11,6,,7617.384,6.7787480412371135,0
2038,13158,,32.73353,-116.94606,p11,6,,8101.735,5.953400412371136,0
2038,9745,,36.79183,-114.15926,p13,5,,30567.682,6.356985081081081,0
2038,9747,,36.80115,-114.092224,p13,5,,40542.805,6.443014918918948,0
2038,754,,45.779340000000005,-111.125336,p18,2,,4266.7085,1.8375384615384602,0
2038,591,,46.573597,-112.062546,p18,3,,9820.824,9.241323832923833,0
2038,779,,45.68057,-110.62238,p18,3,,10772.159,1.9119980343980345,0
2038,750,,45.763767,-111.28072,p18,3,,12531.99,0.318666339066339,0
2038,567,,46.621693,-112.07601,p18,3,,22295.428,0.6904733320733243,0
2038,845,,45.723392,-108.48793,p20,3,,3943.4148,1.8144,0
2038,816,,45.78447,-108.34219,p20,3,,8454.815,1.1856,0
2038,7237,,39.645092,-110.76543,p25,5,,843.6955,4.867444255975326,0
2038,8538,,38.579754,-109.60382,p25,5,,5673.4917,3.6505831919814944,0
2038,7236,,39.637493,-110.83582,p25,5,,5945.368,0.9734888511950652,0
2038,8539,,38.586735,-109.53441,p25,5,,7574.844,39.308483700848114,0
2038,10947,,35.201405,-114.08028,p27,6,,3519.6436,2.7840800834202293,0
2038,10946,,35.08698,-114.52548,p27,6,,7436.1284,7.5159199165797705,0
2038,13547,,32.675846,-114.493805,p28,7,,5455.411999999999,32.89999999999998,0
2038,14200,,32.070159999999994,-110.836845,p30,6,,4896.062,23.360000000000014,0
2038,14282,,32.305054,-107.77826,p31,6,,437.23062,17.02606788526435,0
2038,12102,,35.099277,-106.57132,p31,6,,1104.8547,6.18162442242796,0
2038,14807,,31.813198,-106.60987,p31,7,,5110.652,34.89230769230774,0
2038,8360,,39.039272,-108.41655,p33,5,,2132.0273,1.0368000000000002,0
2038,8068,,39.61901,-104.728065,p33,5,,4096.9688,119.86319999999996,0
2038,8605,,38.92872,-104.77772,p34,5,,3559.823,12.52777193136824,0
2038,9614,,38.0721,-102.570206,p34,5,,5029.1655,10.31698864936208,0
2038,8608,,38.880035,-104.7712,p34,5,,5328.7188,6.155239419269678,0
2038,531,,45.591522,-121.11373,p5,3,,1131.2489,4.157179331306992,0
2038,769,,44.279114,-121.10976,p5,3,,3019.8196,10.133124620060793,0
2038,715,,44.621094,-121.17671,p5,3,,6510.3413,13.510832826747723,0
2038,503,,45.68119,-121.47882,p5,3,,7857.986999999999,11.432243161094227,0
2038,768,,44.326145,-121.12987,p5,3,,7900.9854,0.779471124620061,0
2038,551,,45.827877,-119.34431,p5,3,,8023.5605,22.56437970540101,0
2038,765,,44.253525,-121.25785,p5,4,,9217.217,37.8432,0
2038,861,,43.979927,-121.378334,p5,4,,9485.41,3.888,0
2038,800,,44.219315,-121.16369,p5,4,,15843.927,4.147199999999999,0
2038,798,,44.206512,-121.23766,p5,4,,17313.236,0.2591999999999999,0
2038,797,,44.146667,-121.2914,p5,4,,23590.7,11.285169230769274,0
2038,14814,,31.879026,-106.42706,p59,7,,5988.484,5.0,0
2038,1527,,42.182365,-122.62987,p6,4,,645.1009,0.5184000000000001,0
2038,1712,,42.188034,-121.784225,p6,4,,2851.4126,4.381599999999999,0
2038,803,,44.745987,-117.87875,p7,3,,11777.316,2.692731753554502,0
2038,772,,44.79343,-117.89646,p7,3,,11844.818,3.3659146919431278,0
2038,916,,44.22686,-116.97883600000002,p7,3,,102972.23,16.64135355450236,0
2038,4022,,40.394806,-120.52324,p8,5,,53046.69,2.3999999999999986,0
2038,9438,,36.1821,-120.31208,p9,6,,12634.098999999998,0.2541543937708564,0
2038,9834,,35.4988,-120.69145,p9,6,,14603.573,9.657866963292548,0
2038,9792,,35.546326,-120.708725,p9,6,,21117.752,97.84944160177976,0
2038,9595,,36.004414000000004,-120.17831,p9,6,,23141.48,20.586505895439377,0
2038,9596,,35.956863,-120.16129,p9,6,,23286.225,0.2541543937708564,0
2038,9793,,35.606506,-120.66117,p9,6,,24231.508,83.35787675194663,0
2040,314,,47.053204,-120.51775,p1,3,,12552.883999999998,0.5,0
2040,11835,,33.965022999999995,-117.44759,p10,6,,2607.9307,10.59921713369329,0
2040,10148,,35.315983,-118.96942,p10,6,,2981.9246,10.346854820986309,0
2040,11719,,34.050117,-117.54101,p10,6,,3417.8198,22.20788351821452,0
2040,11721,,34.06122,-117.47704,p10,6,,3648.1838,0.7570869381209493,0
2040,11951,,33.84662,-117.5458,p10,6,,4142.2236,13.122840260763123,0
2040,13461,,32.744026,-114.70852,p10,6,,4473.7935,9.085043257451392,0
2040,10085,,35.42331,-118.93656,p10,6,,5035.5347,0.2523623127069831,0
2040,11730,,34.094326,-117.285034,p10,6,,5761.979,6.813782443088544,0
2040,11604,,34.098194,-117.55581,p10,6,,5860.029,7.570869381209493,0
2040,10922,,34.371902,-118.860855,p10,6,,6504.3164,0.2523623127069831,0
2040,11728,,34.035217,-117.334404,p10,6,,7758.694,130.4713156695103,0
2040,11215,,34.286587,-118.4939,p10,6,,7860.028,35.07836146627065,0
2040,11060,,34.287859999999995,-118.76543999999998,p10,6,,8083.753000000001,2.5236231270698317,0
2040,11718,,33.990902,-117.59013,p10,6,,8347.527,76.97050537562986,0
2040,11714,,34.038982,-117.60496,p10,6,,8356.905999999999,13.627564886177089,0
2040,10087,,35.37554,-118.92053,p10,6,,8377.487,14.509404019477714,0
2040,11858,,34.14852,-116.35859,p10,7,,18401.17,8.397179739507958,0
2040,11856,,34.079227,-116.472916,p10,7,,20456.236,2.583747612156295,0
2040,11857,,34.089787,-116.40877,p10,7,,117431.664,78.14399572525883,0
2040,13042,,32.770965999999994,-117.02311,p11,6,,323.3736,0.9683925773195876,0
2040,13160,,32.674343,-116.99478,p11,6,,5668.8203,18.399458969072164,0
2040,13261,,32.61513,-117.04343,p11,6,,7617.384,6.7787480412371135,0
2040,13158,,32.73353,-116.94606,p11,6,,8101.735,5.953400412371136,0
2040,9745,,36.79183,-114.15926,p13,5,,30567.682,6.356985081081081,0
2040,9747,,36.80115,-114.092224,p13,5,,40542.805,6.443014918918948,0
2040,754,,45.779340000000005,-111.125336,p18,2,,4266.7085,1.8375384615384602,0
2040,591,,46.573597,-112.062546,p18,3,,9820.824,9.241323832923833,0
2040,779,,45.68057,-110.62238,p18,3,,10772.159,1.9119980343980345,0
2040,750,,45.763767,-111.28072,p18,3,,12531.99,0.318666339066339,0
2040,567,,46.621693,-112.07601,p18,3,,22295.428,0.6904733320733243,0
2040,845,,45.723392,-108.48793,p20,3,,3943.4148,1.8144,0
2040,816,,45.78447,-108.34219,p20,3,,8454.815,1.1856,0
2040,7237,,39.645092,-110.76543,p25,5,,843.6955,4.867444255975326,0
2040,8538,,38.579754,-109.60382,p25,5,,5673.4917,3.6505831919814944,0
2040,7236,,39.637493,-110.83582,p25,5,,5945.368,0.9734888511950652,0
2040,8539,,38.586735,-109.53441,p25,5,,7574.844,39.308483700848114,0
2040,10947,,35.201405,-114.08028,p27,6,,3519.6436,2.7840800834202293,0
2040,10946,,35.08698,-114.52548,p27,6,,7436.1284,7.5159199165797705,0
2040,13547,,32.675846,-114.493805,p28,7,,5455.411999999999,29.399999999999977,0
2040,14200,,32.070159999999994,-110.836845,p30,6,,4896.062,21.26000000000002,0
2040,14282,,32.305054,-107.77826,p31,6,,437.23062,17.02606788526435,0
2040,12102,,35.099277,-106.57132,p31,6,,1104.8547,6.18162442242796,0
2040,14807,,31.813198,-106.60987,p31,7,,5110.652,34.89230769230774,0
2040,8360,,39.039272,-108.41655,p33,5,,2132.0273,0.13680000000000014,0
2040,8068,,39.61901,-104.728065,p33,5,,4096.9688,119.86319999999996,0
2040,8605,,38.92872,-104.77772,p34,5,,3559.823,12.52777193136824,0
2040,9614,,38.0721,-102.570206,p34,5,,5029.1655,10.31698864936208,0
2040,8608,,38.880035,-104.7712,p34,5,,5328.7188,6.155239419269678,0
2040,531,,45.591522,-121.11373,p5,3,,1131.2489,4.157179331306992,0
2040,769,,44.279114,-121.10976,p5,3,,3019.8196,10.133124620060793,0
2040,715,,44.621094,-121.17671,p5,3,,6510.3413,13.510832826747723,0
2040,503,,45.68119,-121.47882,p5,3,,7857.986999999999,11.432243161094227,0
2040,768,,44.326145,-121.12987,p5,3,,7900.9854,0.779471124620061,0
2040,551,,45.827877,-119.34431,p5,3,,8023.5605,22.56437970540101,0
2040,765,,44.253525,-121.25785,p5,4,,9217.217,37.8432,0
2040,861,,43.979927,-121.378334,p5,4,,9485.41,3.888,0
2040,800,,44.219315,-121.16369,p5,4,,15843.927,4.147199999999999,0
2040,798,,44.206512,-121.23766,p5,4,,17313.236,0.2591999999999999,0
2040,797,,44.146667,-121.2914,p5,4,,23590.7,11.285169230769274,0
2040,14814,,31.879026,-106.42706,p59,7,,5988.484,5.0,0
2040,1527,,42.182365,-122.62987,p6,4,,645.1009,0.5184000000000001,0
2040,1712,,42.188034,-121.784225,p6,4,,2851.4126,4.381599999999999,0
2040,803,,44.745987,-117.87875,p7,3,,11777.316,2.692731753554502,0
2040,772,,44.79343,-117.89646,p7,3,,11844.818,3.3659146919431278,0
2040,916,,44.22686,-116.97883600000002,p7,3,,102972.23,16.64135355450236,0
2040,4022,,40.394806,-120.52324,p8,5,,53046.69,2.3999999999999986,0
2040,9792,,35.546326,-120.708725,p9,6,,21117.752,91.86146295884316,0
2040,9595,,36.004414000000004,-120.17831,p9,6,,23141.48,20.586505895439377,0
2040,9596,,35.956863,-120.16129,p9,6,,23286.225,0.2541543937708564,0
2040,9793,,35.606506,-120.66117,p9,6,,24231.508,83.35787675194663,0
2042,314,,47.053204,-120.51775,p1,3,,12552.883999999998,0.5,0
2042,11835,,33.965022999999995,-117.44759,p10,6,,2607.9307,10.59921713369329,0
2042,10148,,35.315983,-118.96942,p10,6,,2981.9246,10.346854820986309,0
2042,11719,,34.050117,-117.54101,p10,6,,3417.8198,22.20788351821452,0
2042,11721,,34.06122,-117.47704,p10,6,,3648.1838,0.7570869381209493,0
2042,11951,,33.84662,-117.5458,p10,6,,4142.2236,13.122840260763123,0
2042,13461,,32.744026,-114.70852,p10,6,,4473.7935,9.085043257451392,0
2042,10085,,35.42331,-118.93656,p10,6,,5035.5347,0.2523623127069831,0
2042,11730,,34.094326,-117.285034,p10,6,,5761.979,6.813782443088544,0
2042,11604,,34.098194,-117.55581,p10,6,,5860.029,7.570869381209493,0
2042,10922,,34.371902,-118.860855,p10,6,,6504.3164,0.2523623127069831,0
2042,11728,,34.035217,-117.334404,p10,6,,7758.694,130.4713156695103,0
2042,11215,,34.286587,-118.4939,p10,6,,7860.028,35.07836146627065,0
2042,11060,,34.287859999999995,-118.76543999999998,p10,6,,8083.753000000001,2.5236231270698317,0
2042,11718,,33.990902,-117.59013,p10,6,,8347.527,76.97050537562986,0
2042,11714,,34.038982,-117.60496,p10,6,,8356.905999999999,13.627564886177089,0
2042,10087,,35.37554,-118.92053,p10,6,,8377.487,14.509404019477714,0
2042,11857,,34.089787,-116.40877,p10,7,,117431.664,28.324923076923085,0
2042,13160,,32.674343,-116.99478,p11,6,,5668.8203,16.06785154639175,0
2042,13261,,32.61513,-117.04343,p11,6,,7617.384,6.7787480412371135,0
2042,13158,,32.73353,-116.94606,p11,6,,8101.735,5.953400412371136,0
2042,9745,,36.79183,-114.15926,p13,5,,30567.682,6.356985081081081,0
2042,9747,,36.80115,-114.092224,p13,5,,40542.805,6.443014918918948,0
2042,754,,45.779340000000005,-111.125336,p18,2,,4266.7085,1.8375384615384602,0
2042,591,,46.573597,-112.062546,p18,3,,9820.824,9.241323832923833,0
2042,779,,45.68057,-110.62238,p18,3,,10772.159,1.9119980343980345,0
2042,750,,45.763767,-111.28072,p18,3,,12531.99,0.318666339066339,0
2042,567,,46.621693,-112.07601,p18,3,,22295.428,0.6904733320733243,0
2042,845,,45.723392,-108.48793,p20,3,,3943.4148,1.8144,0
2042,816,,45.78447,-108.34219,p20,3,,8454.815,1.1856,0
2042,7237,,39.645092,-110.76543,p25,5,,843.6955,3.5674442559753263,0
2042,8538,,38.579754,-109.60382,p25,5,,5673.4917,3.6505831919814944,0
2042,7236,,39.637493,-110.83582,p25,5,,5945.368,0.9734888511950652,0
2042,8539,,38.586735,-109.53441,p25,5,,7574.844,39.308483700848114,0
2042,10947,,35.201405,-114.08028,p27,6,,3519.6436,1.2840800834202293,0
2042,10946,,35.08698,-114.52548,p27,6,,7436.1284,7.5159199165797705,0
2042,13547,,32.675846,-114.493805,p28,7,,5455.411999999999,13.699999999999989,0
2042,14200,,32.070159999999994,-110.836845,p30,6,,4896.062,10.360000000000014,0
2042,14282,,32.305054,-107.77826,p31,6,,437.23062,17.02606788526435,0
2042,12102,,35.099277,-106.57132,p31,6,,1104.8547,6.18162442242796,0
2042,14807,,31.813198,-106.60987,p31,7,,5110.652,17.7923076923077,0
2042,8068,,39.61901,-104.728065,p33,5,,4096.9688,114.79999999999997,0
2042,8605,,38.92872,-104.77772,p34,5,,3559.823,11.52777193136824,0
2042,9614,,38.0721,-102.570206,p34,5,,5029.1655,10.31698864936208,0
2042,8608,,38.880035,-104.7712,p34,5,,5328.7188,6.155239419269678,0
2042,531,,45.591522,-121.11373,p5,3,,1131.2489,4.157179331306992,0
2042,769,,44.279114,-121.10976,p5,3,,3019.8196,10.133124620060793,0
2042,715,,44.621094,-121.17671,p5,3,,6510.3413,13.510832826747723,0
2042,503,,45.68119,-121.47882,p5,3,,7857.986999999999,11.432243161094227,0
2042,768,,44.326145,-121.12987,p5,3,,7900.9854,0.779471124620061,0
2042,551,,45.827877,-119.34431,p5,3,,8023.5605,22.56437970540101,0
2042,765,,44.253525,-121.25785,p5,4,,9217.217,33.543200000000006,0
2042,861,,43.979927,-121.378334,p5,4,,9485.41,3.888,0
2042,800,,44.219315,-121.16369,p5,4,,15843.927,4.147199999999999,0
2042,798,,44.206512,-121.23766,p5,4,,17313.236,0.2591999999999999,0
2042,797,,44.146667,-121.2914,p5,4,,23590.7,11.285169230769274,0
2042,14814,,31.879026,-106.42706,p59,7,,5988.484,5.0,0
2042,1527,,42.182365,-122.62987,p6,4,,645.1009,0.5184000000000001,0
2042,1712,,42.188034,-121.784225,p6,4,,2851.4126,4.381599999999999,0
2042,916,,44.22686,-116.97883600000002,p7,3,,102972.23,16.299999999999997,0
2042,4022,,40.394806,-120.52324,p8,5,,53046.69,2.3999999999999986,0
2042,9792,,35.546326,-120.708725,p9,6,,21117.752,64.66146295884316,0
2042,9595,,36.004414000000004,-120.17831,p9,6,,23141.48,20.586505895439377,0
2042,9596,,35.956863,-120.16129,p9,6,,23286.225,0.2541543937708564,0
2042,9793,,35.606506,-120.66117,p9,6,,24231.508,83.35787675194663,0
2044,314,,47.053204,-120.51775,p1,3,,12552.883999999998,0.5,0
2044,11728,,34.035217,-117.334404,p10,6,,7758.694,76.13754112537487,0
2044,11215,,34.286587,-118.4939,p10,6,,7860.028,35.07836146627065,0
2044,11060,,34.287859999999995,-118.76543999999998,p10,6,,8083.753000000001,2.5236231270698317,0
2044,11718,,33.990902,-117.59013,p10,6,,8347.527,76.97050537562986,0
2044,11714,,34.038982,-117.60496,p10,6,,8356.905999999999,13.627564886177089,0
2044,10087,,35.37554,-118.92053,p10,6,,8377.487,14.509404019477714,0
2044,13042,,32.770965999999994,-117.02311,p11,6,,323.3736,0.9683925773195876,1
2044,13160,,32.674343,-116.99478,p11,6,,5668.8203,13.899458969072164,1
2044,13261,,32.61513,-117.04343,p11,6,,7617.384,6.7787480412371135,0
2044,13158,,32.73353,-116.94606,p11,6,,8101.735,5.953400412371136,0
2044,9745,,36.79183,-114.15926,p13,5,,30567.682,3.0569850810810815,0
2044,9747,,36.80115,-114.092224,p13,5,,40542.805,6.443014918918948,0
2044,754,,45.779340000000005,-111.125336,p18,2,,4266.7085,1.8375384615384602,0
2044,591,,46.573597,-112.062546,p18,3,,9820.824,9.241323832923833,0
2044,779,,45.68057,-110.62238,p18,3,,10772.159,1.9119980343980345,0
2044,750,,45.763767,-111.28072,p18,3,,12531.99,0.318666339066339,0
2044,567,,46.621693,-112.07601,p18,3,,22295.428,0.6904733320733243,0
2044,845,,45.723392,-108.48793,p20,3,,3943.4148,1.8144,0
2044,816,,45.78447,-108.34219,p20,3,,8454.815,1.1856,0
2044,7237,,39.645092,-110.76543,p25,5,,843.6955,3.5674442559753263,0
2044,8538,,38.579754,-109.60382,p25,5,,5673.4917,3.6505831919814944,0
2044,7236,,39.637493,-110.83582,p25,5,,5945.368,0.9734888511950652,0
2044,8539,,38.586735,-109.53441,p25,5,,7574.844,39.308483700848114,0
2044,10947,,35.201405,-114.08028,p27,6,,3519.6436,1.2840800834202293,0
2044,10946,,35.08698,-114.52548,p27,6,,7436.1284,7.5159199165797705,0
2044,13547,,32.675846,-114.493805,p28,7,,5455.411999999999,12.300000000000011,0
2044,14200,,32.070159999999994,-110.836845,p30,6,,4896.062,6.360000000000014,0
2044,14282,,32.305054,-107.77826,p31,6,,437.23062,17.02606788526435,0
2044,12102,,35.099277,-106.57132,p31,6,,1104.8547,6.18162442242796,0
2044,14807,,31.813198,-106.60987,p31,7,,5110.652,5.292307692307695,0
2044,8068,,39.61901,-104.728065,p33,5,,4096.9688,109.09999999999997,0
2044,8605,,38.92872,-104.77772,p34,5,,3559.823,12.52777193136824,1
2044,9614,,38.0721,-102.570206,p34,5,,5029.1655,10.31698864936208,0
2044,8608,,38.880035,-104.7712,p34,5,,5328.7188,6.155239419269678,0
2044,531,,45.591522,-121.11373,p5,3,,1131.2489,4.157179331306992,0
2044,769,,44.279114,-121.10976,p5,3,,3019.8196,10.133124620060793,0
2044,715,,44.621094,-121.17671,p5,3,,6510.3413,13.510832826747723,0
2044,503,,45.68119,-121.47882,p5,3,,7857.986999999999,11.432243161094227,0
2044,768,,44.326145,-121.12987,p5,3,,7900.9854,0.779471124620061,0
2044,551,,45.827877,-119.34431,p5,3,,8023.5605,22.56437970540101,0
2044,765,,44.253525,-121.25785,p5,4,,9217.217,32.3432,0
2044,861,,43.979927,-121.378334,p5,4,,9485.41,3.888,0
2044,800,,44.219315,-121.16369,p5,4,,15843.927,4.147199999999999,0
2044,798,,44.206512,-121.23766,p5,4,,17313.236,0.2591999999999999,0
2044,797,,44.146667,-121.2914,p5,4,,23590.7,11.285169230769274,0
2044,14814,,31.879026,-106.42706,p59,7,,5988.484,5.0,0
2044,1712,,42.188034,-121.784225,p6,4,,2851.4126,2.8999999999999986,0
2044,916,,44.22686,-116.97883600000002,p7,3,,102972.23,16.299999999999997,0
2044,4022,,40.394806,-120.52324,p8,5,,53046.69,2.3999999999999986,0
2044,9792,,35.546326,-120.708725,p9,6,,21117.752,16.761462958843154,0
2044,9595,,36.004414000000004,-120.17831,p9,6,,23141.48,20.586505895439377,0
2044,9596,,35.956863,-120.16129,p9,6,,23286.225,0.2541543937708564,0
2044,9793,,35.606506,-120.66117,p9,6,,24231.508,83.35787675194663,0
2046,314,,47.053204,-120.51775,p1,3,,12552.883999999998,0.5,0
2046,11718,,33.990902,-117.59013,p10,6,,8347.527,69.56303109434519,0
2046,11714,,34.038982,-117.60496,p10,6,,8356.905999999999,13.627564886177089,0
2046,10087,,35.37554,-118.92053,p10,6,,8377.487,14.509404019477714,0
2046,13042,,32.770965999999994,-117.02311,p11,6,,323.3736,0.9683925773195876,1
2046,13160,,32.674343,-116.99478,p11,6,,5668.8203,10.399458969072164,1
2046,13261,,32.61513,-117.04343,p11,6,,7617.384,6.7787480412371135,0
2046,13158,,32.73353,-116.94606,p11,6,,8101.735,5.953400412371136,0
2046,9745,,36.79183,-114.15926,p13,5,,30567.682,3.3,1
2046,9747,,36.80115,-114.092224,p13,5,,40542.805,3.1000000000000227,0
2046,754,,45.779340000000005,-111.125336,p18,2,,4266.7085,1.8375384615384602,0
2046,591,,46.573597,-112.062546,p18,3,,9820.824,9.241323832923833,0
2046,779,,45.68057,-110.62238,p18,3,,10772.159,1.9119980343980345,0
2046,750,,45.763767,-111.28072,p18,3,,12531.99,0.318666339066339,0
2046,567,,46.621693,-112.07601,p18,3,,22295.428,0.6904733320733243,0
2046,845,,45.723392,-108.48793,p20,3,,3943.4148,1.8144,0
2046,816,,45.78447,-108.34219,p20,3,,8454.815,1.1856,0
2046,8539,,38.586735,-109.53441,p25,5,,7574.844,3.3999999999999915,0
2046,10946,,35.08698,-114.52548,p27,6,,7436.1284,4.399999999999999,0
2046,13547,,32.675846,-114.493805,p28,7,,5455.411999999999,11.300000000000011,0
2046,14200,,32.070159999999994,-110.836845,p30,6,,4896.062,3.700000000000017,0
2046,14282,,32.305054,-107.77826,p31,6,,437.23062,17.02606788526435,0
2046,12102,,35.099277,-106.57132,p31,6,,1104.8547,6.18162442242796,0
2046,14807,,31.813198,-106.60987,p31,7,,5110.652,1.4923076923076977,0
2046,8068,,39.61901,-104.728065,p33,5,,4096.9688,93.99999999999997,0
2046,8605,,38.92872,-104.77772,p34,5,,3559.823,10.52777193136824,0
2046,9614,,38.0721,-102.570206,p34,5,,5029.1655,10.31698864936208,0
2046,8608,,38.880035,-104.7712,p34,5,,5328.7188,6.155239419269678,0
2046,531,,45.591522,-121.11373,p5,3,,1131.2489,4.157179331306992,0
2046,769,,44.279114,-121.10976,p5,3,,3019.8196,10.133124620060793,0
2046,715,,44.621094,-121.17671,p5,3,,6510.3413,13.510832826747723,0
2046,503,,45.68119,-121.47882,p5,3,,7857.986999999999,11.432243161094227,0
2046,768,,44.326145,-121.12987,p5,3,,7900.9854,0.779471124620061,0
2046,551,,45.827877,-119.34431,p5,3,,8023.5605,22.56437970540101,0
2046,765,,44.253525,-121.25785,p5,4,,9217.217,28.643200000000004,0
2046,861,,43.979927,-121.378334,p5,4,,9485.41,3.888,0
2046,800,,44.219315,-121.16369,p5,4,,15843.927,4.147199999999999,0
2046,798,,44.206512,-121.23766,p5,4,,17313.236,0.2591999999999999,0
2046,797,,44.146667,-121.2914,p5,4,,23590.7,11.285169230769274,0
2046,14814,,31.879026,-106.42706,p59,7,,5988.484,5.0,0
2046,1712,,42.188034,-121.784225,p6,4,,2851.4126,2.8999999999999986,0
2046,916,,44.22686,-116.97883600000002,p7,3,,102972.23,11.799999999999997,0
2046,4022,,40.394806,-120.52324,p8,5,,53046.69,2.3999999999999986,0
2046,9595,,36.004414000000004,-120.17831,p9,6,,23141.48,19.38796885428253,0
2046,9596,,35.956863,-120.16129,p9,6,,23286.225,0.2541543937708564,0
2046,9793,,35.606506,-120.66117,p9,6,,24231.508,83.35787675194663,0
2048,314,,47.053204,-120.51775,p1,3,,12552.883999999998,0.5,0
2048,11718,,33.990902,-117.59013,p10,6,,8347.527,13.863031094345189,0
2048,11714,,34.038982,-117.60496,p10,6,,8356.905999999999,13.627564886177089,0
2048,10087,,35.37554,-118.92053,p10,6,,8377.487,14.509404019477714,0
2048,13042,,32.770965999999994,-117.02311,p11,6,,323.3736,0.9683925773195876,1
2048,13160,,32.674343,-116.99478,p11,6,,5668.8203,18.399458969072164,1
2048,13261,,32.61513,-117.04343,p11,6,,7617.384,6.7787480412371135,0
2048,13158,,32.73353,-116.94606,p11,6,,8101.735,13.234698556701032,1
2048,13044,,32.781837,-116.9602,p11,6,,9769.275,3.550772783505155,1
2048,13045,,32.840992,-116.91138,p11,6,,12519.933,26.620559191638744,1
2048,9745,,36.79183,-114.15926,p13,5,,30567.682,6.356985081081081,1
2048,9747,,36.80115,-114.092224,p13,5,,40542.805,3.343014918918925,1
2048,8539,,38.586735,-109.53441,p25,5,,7574.844,0.09999999999999432,0
2048,13547,,32.675846,-114.493805,p28,7,,5455.411999999999,1.8000000000000114,0
2048,14200,,32.070159999999994,-110.836845,p30,6,,4896.062,2.4000000000000057,0
2048,14282,,32.305054,-107.77826,p31,6,,437.23062,10.61837557757204,0
2048,12102,,35.099277,-106.57132,p31,6,,1104.8547,6.18162442242796,0
2048,8068,,39.61901,-104.728065,p33,5,,4096.9688,61.599999999999966,0
2048,9614,,38.0721,-102.570206,p34,5,,5029.1655,8.444760580730321,0
2048,8608,,38.880035,-104.7712,p34,5,,5328.7188,6.155239419269678,0
2048,531,,45.591522,-121.11373,p5,3,,1131.2489,4.157179331306992,0
2048,769,,44.279114,-121.10976,p5,3,,3019.8196,10.133124620060793,0
2048,715,,44.621094,-121.17671,p5,3,,6510.3413,13.510832826747723,0
2048,503,,45.68119,-121.47882,p5,3,,7857.986999999999,11.432243161094227,0
2048,768,,44.326145,-121.12987,p5,3,,7900.9854,0.779471124620061,0
2048,551,,45.827877,-119.34431,p5,3,,8023.5605,22.56437970540101,0
2048,765,,44.253525,-121.25785,p5,4,,9217.217,6.643200000000004,0
2048,861,,43.979927,-121.378334,p5,4,,9485.41,3.888,0
2048,800,,44.219315,-121.16369,p5,4,,15843.927,4.147199999999999,0
2048,798,,44.206512,-121.23766,p5,4,,17313.236,0.2591999999999999,0
2048,797,,44.146667,-121.2914,p5,4,,23590.7,11.285169230769274,0
2048,916,,44.22686,-116.97883600000002,p7,3,,102972.23,11.799999999999997,0
2048,9793,,35.606506,-120.66117,p9,6,,24231.508,51.00000000000003,0
2050,11714,,34.038982,-117.60496,p10,6,,8356.905999999999,0.5905959805222789,0
2050,10087,,35.37554,-118.92053,p10,6,,8377.487,14.509404019477714,0
2050,13042,,32.770965999999994,-117.02311,p11,6,,323.3736,0.9683925773195876,0
2050,13160,,32.674343,-116.99478,p11,6,,5668.8203,18.399458969072164,0
2050,13261,,32.61513,-117.04343,p11,6,,7617.384,6.7787480412371135,0
2050,13158,,32.73353,-116.94606,p11,6,,8101.735,13.234698556701032,0
2050,13044,,32.781837,-116.9602,p11,6,,9769.275,3.550772783505155,0
2050,13045,,32.840992,-116.91138,p11,6,,12519.933,45.51445113402062,1
2050,12934,,32.926727,-117.00271,p11,6,,13842.505,0.9683925773195876,1
2050,12837,,32.996704,-116.89072,p11,6,,15821.7295,15.278408009869139,1
2050,9745,,36.79183,-114.15926,p13,5,,30567.682,6.356985081081081,0
2050,9747,,36.80115,-114.092224,p13,5,,40542.805,6.443014918918948,1
2050,8539,,38.586735,-109.53441,p25,5,,7574.844,0.09999999999999432,0
2050,8068,,39.61901,-104.728065,p33,5,,4096.9688,31.29999999999997,0
2050,8608,,38.880035,-104.7712,p34,5,,5328.7188,4.6,0
2050,503,,45.68119,-121.47882,p5,3,,7857.986999999999,1.3561491699789343,0
2050,768,,44.326145,-121.12987,p5,3,,7900.9854,0.779471124620061,0
2050,551,,45.827877,-119.34431,p5,3,,8023.5605,22.56437970540101,0
2050,9793,,35.606506,-120.66117,p9,6,,24231.508,19.600000000000023,0
